xmin	xmax	key	clickSelects	showSelected1	PANEL	group
0	1	0	0	1	2	-1
0	1	0	0	2	2	-1
1	2	1	1	2	2	-1
0	1	0	0	3	2	-1
1	2	1	1	3	2	-1
2	3	2	2	3	2	-1
0	1	0	0	4	2	-1
1	2	1	1	4	2	-1
2	3	2	2	4	2	-1
3	4	3	3	4	2	-1
0	1	0	0	5	2	-1
1	2	1	1	5	2	-1
2	3	2	2	5	2	-1
3	4	3	3	5	2	-1
4	5	4	4	5	2	-1
0	1	0	0	6	2	-1
1	2	1	1	6	2	-1
2	3	2	2	6	2	-1
3	4	3	3	6	2	-1
4	5	4	4	6	2	-1
5	6	5	5	6	2	-1
0	1	0	0	7	2	-1
1	2	1	1	7	2	-1
2	3	2	2	7	2	-1
3	4	3	3	7	2	-1
4	5	4	4	7	2	-1
5	6	5	5	7	2	-1
6	7	6	6	7	2	-1
0	1	0	0	8	2	-1
1	2	1	1	8	2	-1
2	3	2	2	8	2	-1
3	4	3	3	8	2	-1
4	5	4	4	8	2	-1
5	6	5	5	8	2	-1
6	7	6	6	8	2	-1
7	8	7	7	8	2	-1
0	1	0	0	9	2	-1
1	2	1	1	9	2	-1
2	3	2	2	9	2	-1
3	4	3	3	9	2	-1
4	5	4	4	9	2	-1
5	6	5	5	9	2	-1
6	7	6	6	9	2	-1
7	8	7	7	9	2	-1
8	9	8	8	9	2	-1
0	1	0	0	10	2	-1
1	2	1	1	10	2	-1
2	3	2	2	10	2	-1
3	4	3	3	10	2	-1
4	5	4	4	10	2	-1
5	6	5	5	10	2	-1
6	7	6	6	10	2	-1
7	8	7	7	10	2	-1
8	9	8	8	10	2	-1
9	10	9	9	10	2	-1
0	1	0	0	11	2	-1
1	2	1	1	11	2	-1
2	3	2	2	11	2	-1
3	4	3	3	11	2	-1
4	5	4	4	11	2	-1
5	6	5	5	11	2	-1
6	7	6	6	11	2	-1
7	8	7	7	11	2	-1
8	9	8	8	11	2	-1
9	10	9	9	11	2	-1
10	11	10	10	11	2	-1
0	1	0	0	12	2	-1
1	2	1	1	12	2	-1
2	3	2	2	12	2	-1
3	4	3	3	12	2	-1
4	5	4	4	12	2	-1
5	6	5	5	12	2	-1
6	7	6	6	12	2	-1
7	8	7	7	12	2	-1
8	9	8	8	12	2	-1
9	10	9	9	12	2	-1
10	11	10	10	12	2	-1
11	12	11	11	12	2	-1
0	1	0	0	13	2	-1
1	2	1	1	13	2	-1
2	3	2	2	13	2	-1
3	4	3	3	13	2	-1
4	5	4	4	13	2	-1
5	6	5	5	13	2	-1
6	7	6	6	13	2	-1
7	8	7	7	13	2	-1
8	9	8	8	13	2	-1
9	10	9	9	13	2	-1
10	11	10	10	13	2	-1
11	12	11	11	13	2	-1
12	13	12	12	13	2	-1
0	1	0	0	14	2	-1
1	2	1	1	14	2	-1
2	3	2	2	14	2	-1
3	4	3	3	14	2	-1
4	5	4	4	14	2	-1
5	6	5	5	14	2	-1
6	7	6	6	14	2	-1
7	8	7	7	14	2	-1
8	9	8	8	14	2	-1
9	10	9	9	14	2	-1
10	11	10	10	14	2	-1
11	12	11	11	14	2	-1
12	13	12	12	14	2	-1
13	14	13	13	14	2	-1
0	1	0	0	15	2	-1
1	2	1	1	15	2	-1
2	3	2	2	15	2	-1
3	4	3	3	15	2	-1
4	5	4	4	15	2	-1
5	6	5	5	15	2	-1
6	7	6	6	15	2	-1
7	8	7	7	15	2	-1
8	9	8	8	15	2	-1
9	10	9	9	15	2	-1
10	11	10	10	15	2	-1
11	12	11	11	15	2	-1
12	13	12	12	15	2	-1
13	14	13	13	15	2	-1
14	15	14	14	15	2	-1
0	1	0	0	16	2	-1
1	2	1	1	16	2	-1
2	3	2	2	16	2	-1
3	4	3	3	16	2	-1
4	5	4	4	16	2	-1
5	6	5	5	16	2	-1
6	7	6	6	16	2	-1
7	8	7	7	16	2	-1
8	9	8	8	16	2	-1
9	10	9	9	16	2	-1
10	11	10	10	16	2	-1
11	12	11	11	16	2	-1
12	13	12	12	16	2	-1
13	14	13	13	16	2	-1
14	15	14	14	16	2	-1
15	16	15	15	16	2	-1
0	1	0	0	17	2	-1
1	2	1	1	17	2	-1
2	3	2	2	17	2	-1
3	4	3	3	17	2	-1
4	5	4	4	17	2	-1
5	6	5	5	17	2	-1
6	7	6	6	17	2	-1
7	8	7	7	17	2	-1
8	9	8	8	17	2	-1
9	10	9	9	17	2	-1
10	11	10	10	17	2	-1
11	12	11	11	17	2	-1
12	13	12	12	17	2	-1
13	14	13	13	17	2	-1
14	15	14	14	17	2	-1
15	16	15	15	17	2	-1
16	17	16	16	17	2	-1
0	1	0	0	18	2	-1
1	2	1	1	18	2	-1
2	3	2	2	18	2	-1
3	4	3	3	18	2	-1
4	5	4	4	18	2	-1
5	6	5	5	18	2	-1
6	7	6	6	18	2	-1
7	8	7	7	18	2	-1
8	9	8	8	18	2	-1
9	10	9	9	18	2	-1
10	11	10	10	18	2	-1
11	12	11	11	18	2	-1
12	13	12	12	18	2	-1
13	14	13	13	18	2	-1
14	15	14	14	18	2	-1
15	16	15	15	18	2	-1
16	17	16	16	18	2	-1
17	18	17	17	18	2	-1
0	1	0	0	19	2	-1
1	2	1	1	19	2	-1
2	3	2	2	19	2	-1
3	4	3	3	19	2	-1
4	5	4	4	19	2	-1
5	6	5	5	19	2	-1
6	7	6	6	19	2	-1
7	8	7	7	19	2	-1
8	9	8	8	19	2	-1
9	10	9	9	19	2	-1
10	11	10	10	19	2	-1
11	12	11	11	19	2	-1
12	13	12	12	19	2	-1
13	14	13	13	19	2	-1
14	15	14	14	19	2	-1
15	16	15	15	19	2	-1
16	17	16	16	19	2	-1
17	18	17	17	19	2	-1
18	19	18	18	19	2	-1
0	1	0	0	20	2	-1
1	2	1	1	20	2	-1
2	3	2	2	20	2	-1
3	4	3	3	20	2	-1
4	5	4	4	20	2	-1
5	6	5	5	20	2	-1
6	7	6	6	20	2	-1
7	8	7	7	20	2	-1
8	9	8	8	20	2	-1
9	10	9	9	20	2	-1
10	11	10	10	20	2	-1
11	12	11	11	20	2	-1
12	13	12	12	20	2	-1
13	14	13	13	20	2	-1
14	15	14	14	20	2	-1
15	16	15	15	20	2	-1
16	17	16	16	20	2	-1
17	18	17	17	20	2	-1
18	19	18	18	20	2	-1
19	20	19	19	20	2	-1
0	1	0	0	21	2	-1
1	2	1	1	21	2	-1
2	3	2	2	21	2	-1
3	4	3	3	21	2	-1
4	5	4	4	21	2	-1
5	6	5	5	21	2	-1
6	7	6	6	21	2	-1
7	8	7	7	21	2	-1
8	9	8	8	21	2	-1
9	10	9	9	21	2	-1
10	11	10	10	21	2	-1
11	12	11	11	21	2	-1
12	13	12	12	21	2	-1
13	14	13	13	21	2	-1
14	15	14	14	21	2	-1
15	16	15	15	21	2	-1
16	17	16	16	21	2	-1
17	18	17	17	21	2	-1
18	19	18	18	21	2	-1
19	20	19	19	21	2	-1
20	21	20	20	21	2	-1
0	1	0	0	22	2	-1
1	2	1	1	22	2	-1
2	3	2	2	22	2	-1
3	4	3	3	22	2	-1
4	5	4	4	22	2	-1
5	6	5	5	22	2	-1
6	7	6	6	22	2	-1
7	8	7	7	22	2	-1
8	9	8	8	22	2	-1
9	10	9	9	22	2	-1
10	11	10	10	22	2	-1
11	12	11	11	22	2	-1
12	13	12	12	22	2	-1
13	14	13	13	22	2	-1
14	15	14	14	22	2	-1
15	16	15	15	22	2	-1
16	17	16	16	22	2	-1
17	18	17	17	22	2	-1
18	19	18	18	22	2	-1
19	20	19	19	22	2	-1
20	21	20	20	22	2	-1
21	22	21	21	22	2	-1
0	1	0	0	23	2	-1
1	2	1	1	23	2	-1
2	3	2	2	23	2	-1
3	4	3	3	23	2	-1
4	5	4	4	23	2	-1
5	6	5	5	23	2	-1
6	7	6	6	23	2	-1
7	8	7	7	23	2	-1
8	9	8	8	23	2	-1
9	10	9	9	23	2	-1
10	11	10	10	23	2	-1
11	12	11	11	23	2	-1
12	13	12	12	23	2	-1
13	14	13	13	23	2	-1
14	15	14	14	23	2	-1
15	16	15	15	23	2	-1
16	17	16	16	23	2	-1
17	18	17	17	23	2	-1
18	19	18	18	23	2	-1
19	20	19	19	23	2	-1
20	21	20	20	23	2	-1
21	22	21	21	23	2	-1
22	23	22	22	23	2	-1
0	1	0	0	24	2	-1
1	2	1	1	24	2	-1
2	3	2	2	24	2	-1
3	4	3	3	24	2	-1
4	5	4	4	24	2	-1
5	6	5	5	24	2	-1
6	7	6	6	24	2	-1
7	8	7	7	24	2	-1
8	9	8	8	24	2	-1
9	10	9	9	24	2	-1
10	11	10	10	24	2	-1
11	12	11	11	24	2	-1
12	13	12	12	24	2	-1
13	14	13	13	24	2	-1
14	15	14	14	24	2	-1
15	16	15	15	24	2	-1
16	17	16	16	24	2	-1
17	18	17	17	24	2	-1
18	19	18	18	24	2	-1
19	20	19	19	24	2	-1
20	21	20	20	24	2	-1
21	22	21	21	24	2	-1
22	23	22	22	24	2	-1
23	24	23	23	24	2	-1
0	1	0	0	25	2	-1
1	2	1	1	25	2	-1
2	3	2	2	25	2	-1
3	4	3	3	25	2	-1
4	5	4	4	25	2	-1
5	6	5	5	25	2	-1
6	7	6	6	25	2	-1
7	8	7	7	25	2	-1
8	9	8	8	25	2	-1
9	10	9	9	25	2	-1
10	11	10	10	25	2	-1
11	12	11	11	25	2	-1
12	13	12	12	25	2	-1
13	14	13	13	25	2	-1
14	15	14	14	25	2	-1
15	16	15	15	25	2	-1
16	17	16	16	25	2	-1
17	18	17	17	25	2	-1
18	19	18	18	25	2	-1
19	20	19	19	25	2	-1
20	21	20	20	25	2	-1
21	22	21	21	25	2	-1
22	23	22	22	25	2	-1
23	24	23	23	25	2	-1
24	25	24	24	25	2	-1
0	1	0	0	26	2	-1
1	2	1	1	26	2	-1
2	3	2	2	26	2	-1
3	4	3	3	26	2	-1
4	5	4	4	26	2	-1
5	6	5	5	26	2	-1
6	7	6	6	26	2	-1
7	8	7	7	26	2	-1
8	9	8	8	26	2	-1
9	10	9	9	26	2	-1
10	11	10	10	26	2	-1
11	12	11	11	26	2	-1
12	13	12	12	26	2	-1
13	14	13	13	26	2	-1
14	15	14	14	26	2	-1
15	16	15	15	26	2	-1
16	17	16	16	26	2	-1
17	18	17	17	26	2	-1
18	19	18	18	26	2	-1
19	20	19	19	26	2	-1
20	21	20	20	26	2	-1
21	22	21	21	26	2	-1
22	23	22	22	26	2	-1
23	24	23	23	26	2	-1
24	25	24	24	26	2	-1
25	26	25	25	26	2	-1
0	1	0	0	27	2	-1
1	2	1	1	27	2	-1
2	3	2	2	27	2	-1
3	4	3	3	27	2	-1
4	5	4	4	27	2	-1
5	6	5	5	27	2	-1
6	7	6	6	27	2	-1
7	8	7	7	27	2	-1
8	9	8	8	27	2	-1
9	10	9	9	27	2	-1
10	11	10	10	27	2	-1
11	12	11	11	27	2	-1
12	13	12	12	27	2	-1
13	14	13	13	27	2	-1
14	15	14	14	27	2	-1
15	16	15	15	27	2	-1
16	17	16	16	27	2	-1
17	18	17	17	27	2	-1
18	19	18	18	27	2	-1
19	20	19	19	27	2	-1
20	21	20	20	27	2	-1
21	22	21	21	27	2	-1
22	23	22	22	27	2	-1
23	24	23	23	27	2	-1
24	25	24	24	27	2	-1
25	26	25	25	27	2	-1
26	27	26	26	27	2	-1
0	1	0	0	28	2	-1
1	2	1	1	28	2	-1
2	3	2	2	28	2	-1
3	4	3	3	28	2	-1
4	5	4	4	28	2	-1
5	6	5	5	28	2	-1
6	7	6	6	28	2	-1
7	8	7	7	28	2	-1
8	9	8	8	28	2	-1
9	10	9	9	28	2	-1
10	11	10	10	28	2	-1
11	12	11	11	28	2	-1
12	13	12	12	28	2	-1
13	14	13	13	28	2	-1
14	15	14	14	28	2	-1
15	16	15	15	28	2	-1
16	17	16	16	28	2	-1
17	18	17	17	28	2	-1
18	19	18	18	28	2	-1
19	20	19	19	28	2	-1
20	21	20	20	28	2	-1
21	22	21	21	28	2	-1
22	23	22	22	28	2	-1
23	24	23	23	28	2	-1
24	25	24	24	28	2	-1
25	26	25	25	28	2	-1
26	27	26	26	28	2	-1
27	28	27	27	28	2	-1
0	1	0	0	29	2	-1
1	2	1	1	29	2	-1
2	3	2	2	29	2	-1
3	4	3	3	29	2	-1
4	5	4	4	29	2	-1
5	6	5	5	29	2	-1
6	7	6	6	29	2	-1
7	8	7	7	29	2	-1
8	9	8	8	29	2	-1
9	10	9	9	29	2	-1
10	11	10	10	29	2	-1
11	12	11	11	29	2	-1
12	13	12	12	29	2	-1
13	14	13	13	29	2	-1
14	15	14	14	29	2	-1
15	16	15	15	29	2	-1
16	17	16	16	29	2	-1
17	18	17	17	29	2	-1
18	19	18	18	29	2	-1
19	20	19	19	29	2	-1
20	21	20	20	29	2	-1
21	22	21	21	29	2	-1
22	23	22	22	29	2	-1
23	24	23	23	29	2	-1
24	25	24	24	29	2	-1
25	26	25	25	29	2	-1
26	27	26	26	29	2	-1
27	28	27	27	29	2	-1
28	29	28	28	29	2	-1
0	1	0	0	30	2	-1
1	2	1	1	30	2	-1
2	3	2	2	30	2	-1
3	4	3	3	30	2	-1
4	5	4	4	30	2	-1
5	6	5	5	30	2	-1
6	7	6	6	30	2	-1
7	8	7	7	30	2	-1
8	9	8	8	30	2	-1
9	10	9	9	30	2	-1
10	11	10	10	30	2	-1
11	12	11	11	30	2	-1
12	13	12	12	30	2	-1
13	14	13	13	30	2	-1
14	15	14	14	30	2	-1
15	16	15	15	30	2	-1
16	17	16	16	30	2	-1
17	18	17	17	30	2	-1
18	19	18	18	30	2	-1
19	20	19	19	30	2	-1
20	21	20	20	30	2	-1
21	22	21	21	30	2	-1
22	23	22	22	30	2	-1
23	24	23	23	30	2	-1
24	25	24	24	30	2	-1
25	26	25	25	30	2	-1
26	27	26	26	30	2	-1
27	28	27	27	30	2	-1
28	29	28	28	30	2	-1
29	30	29	29	30	2	-1
0	1	0	0	31	2	-1
1	2	1	1	31	2	-1
2	3	2	2	31	2	-1
3	4	3	3	31	2	-1
4	5	4	4	31	2	-1
5	6	5	5	31	2	-1
6	7	6	6	31	2	-1
7	8	7	7	31	2	-1
8	9	8	8	31	2	-1
9	10	9	9	31	2	-1
10	11	10	10	31	2	-1
11	12	11	11	31	2	-1
12	13	12	12	31	2	-1
13	14	13	13	31	2	-1
14	15	14	14	31	2	-1
15	16	15	15	31	2	-1
16	17	16	16	31	2	-1
17	18	17	17	31	2	-1
18	19	18	18	31	2	-1
19	20	19	19	31	2	-1
20	21	20	20	31	2	-1
21	22	21	21	31	2	-1
22	23	22	22	31	2	-1
23	24	23	23	31	2	-1
24	25	24	24	31	2	-1
25	26	25	25	31	2	-1
26	27	26	26	31	2	-1
27	28	27	27	31	2	-1
28	29	28	28	31	2	-1
29	30	29	29	31	2	-1
30	31	30	30	31	2	-1
0	1	0	0	32	2	-1
1	2	1	1	32	2	-1
2	3	2	2	32	2	-1
3	4	3	3	32	2	-1
4	5	4	4	32	2	-1
5	6	5	5	32	2	-1
6	7	6	6	32	2	-1
7	8	7	7	32	2	-1
8	9	8	8	32	2	-1
9	10	9	9	32	2	-1
10	11	10	10	32	2	-1
11	12	11	11	32	2	-1
12	13	12	12	32	2	-1
13	14	13	13	32	2	-1
14	15	14	14	32	2	-1
15	16	15	15	32	2	-1
16	17	16	16	32	2	-1
17	18	17	17	32	2	-1
18	19	18	18	32	2	-1
19	20	19	19	32	2	-1
20	21	20	20	32	2	-1
21	22	21	21	32	2	-1
22	23	22	22	32	2	-1
23	24	23	23	32	2	-1
24	25	24	24	32	2	-1
25	26	25	25	32	2	-1
26	27	26	26	32	2	-1
27	28	27	27	32	2	-1
28	29	28	28	32	2	-1
29	30	29	29	32	2	-1
30	31	30	30	32	2	-1
31	32	31	31	32	2	-1
0	1	0	0	33	2	-1
1	2	1	1	33	2	-1
2	3	2	2	33	2	-1
3	4	3	3	33	2	-1
4	5	4	4	33	2	-1
5	6	5	5	33	2	-1
6	7	6	6	33	2	-1
7	8	7	7	33	2	-1
8	9	8	8	33	2	-1
9	10	9	9	33	2	-1
10	11	10	10	33	2	-1
11	12	11	11	33	2	-1
12	13	12	12	33	2	-1
13	14	13	13	33	2	-1
14	15	14	14	33	2	-1
15	16	15	15	33	2	-1
16	17	16	16	33	2	-1
17	18	17	17	33	2	-1
18	19	18	18	33	2	-1
19	20	19	19	33	2	-1
20	21	20	20	33	2	-1
21	22	21	21	33	2	-1
22	23	22	22	33	2	-1
23	24	23	23	33	2	-1
24	25	24	24	33	2	-1
25	26	25	25	33	2	-1
26	27	26	26	33	2	-1
27	28	27	27	33	2	-1
28	29	28	28	33	2	-1
29	30	29	29	33	2	-1
30	31	30	30	33	2	-1
31	32	31	31	33	2	-1
32	33	32	32	33	2	-1
0	1	0	0	34	2	-1
1	2	1	1	34	2	-1
2	3	2	2	34	2	-1
3	4	3	3	34	2	-1
4	5	4	4	34	2	-1
5	6	5	5	34	2	-1
6	7	6	6	34	2	-1
7	8	7	7	34	2	-1
8	9	8	8	34	2	-1
9	10	9	9	34	2	-1
10	11	10	10	34	2	-1
11	12	11	11	34	2	-1
12	13	12	12	34	2	-1
13	14	13	13	34	2	-1
14	15	14	14	34	2	-1
15	16	15	15	34	2	-1
16	17	16	16	34	2	-1
17	18	17	17	34	2	-1
18	19	18	18	34	2	-1
19	20	19	19	34	2	-1
20	21	20	20	34	2	-1
21	22	21	21	34	2	-1
22	23	22	22	34	2	-1
23	24	23	23	34	2	-1
24	25	24	24	34	2	-1
25	26	25	25	34	2	-1
26	27	26	26	34	2	-1
27	28	27	27	34	2	-1
28	29	28	28	34	2	-1
29	30	29	29	34	2	-1
30	31	30	30	34	2	-1
31	32	31	31	34	2	-1
32	33	32	32	34	2	-1
33	34	33	33	34	2	-1
0	1	0	0	35	2	-1
1	2	1	1	35	2	-1
2	3	2	2	35	2	-1
3	4	3	3	35	2	-1
4	5	4	4	35	2	-1
5	6	5	5	35	2	-1
6	7	6	6	35	2	-1
7	8	7	7	35	2	-1
8	9	8	8	35	2	-1
9	10	9	9	35	2	-1
10	11	10	10	35	2	-1
11	12	11	11	35	2	-1
12	13	12	12	35	2	-1
13	14	13	13	35	2	-1
14	15	14	14	35	2	-1
15	16	15	15	35	2	-1
16	17	16	16	35	2	-1
17	18	17	17	35	2	-1
18	19	18	18	35	2	-1
19	20	19	19	35	2	-1
20	21	20	20	35	2	-1
21	22	21	21	35	2	-1
22	23	22	22	35	2	-1
23	24	23	23	35	2	-1
24	25	24	24	35	2	-1
25	26	25	25	35	2	-1
26	27	26	26	35	2	-1
27	28	27	27	35	2	-1
28	29	28	28	35	2	-1
29	30	29	29	35	2	-1
30	31	30	30	35	2	-1
31	32	31	31	35	2	-1
32	33	32	32	35	2	-1
33	34	33	33	35	2	-1
34	35	34	34	35	2	-1
0	1	0	0	36	2	-1
1	2	1	1	36	2	-1
2	3	2	2	36	2	-1
3	4	3	3	36	2	-1
4	5	4	4	36	2	-1
5	6	5	5	36	2	-1
6	7	6	6	36	2	-1
7	8	7	7	36	2	-1
8	9	8	8	36	2	-1
9	10	9	9	36	2	-1
10	11	10	10	36	2	-1
11	12	11	11	36	2	-1
12	13	12	12	36	2	-1
13	14	13	13	36	2	-1
14	15	14	14	36	2	-1
15	16	15	15	36	2	-1
16	17	16	16	36	2	-1
17	18	17	17	36	2	-1
18	19	18	18	36	2	-1
19	20	19	19	36	2	-1
20	21	20	20	36	2	-1
21	22	21	21	36	2	-1
22	23	22	22	36	2	-1
23	24	23	23	36	2	-1
24	25	24	24	36	2	-1
25	26	25	25	36	2	-1
26	27	26	26	36	2	-1
27	28	27	27	36	2	-1
28	29	28	28	36	2	-1
29	30	29	29	36	2	-1
30	31	30	30	36	2	-1
31	32	31	31	36	2	-1
32	33	32	32	36	2	-1
33	34	33	33	36	2	-1
34	35	34	34	36	2	-1
35	36	35	35	36	2	-1
0	1	0	0	37	2	-1
1	2	1	1	37	2	-1
2	3	2	2	37	2	-1
3	4	3	3	37	2	-1
4	5	4	4	37	2	-1
5	6	5	5	37	2	-1
6	7	6	6	37	2	-1
7	8	7	7	37	2	-1
8	9	8	8	37	2	-1
9	10	9	9	37	2	-1
10	11	10	10	37	2	-1
11	12	11	11	37	2	-1
12	13	12	12	37	2	-1
13	14	13	13	37	2	-1
14	15	14	14	37	2	-1
15	16	15	15	37	2	-1
16	17	16	16	37	2	-1
17	18	17	17	37	2	-1
18	19	18	18	37	2	-1
19	20	19	19	37	2	-1
20	21	20	20	37	2	-1
21	22	21	21	37	2	-1
22	23	22	22	37	2	-1
23	24	23	23	37	2	-1
24	25	24	24	37	2	-1
25	26	25	25	37	2	-1
26	27	26	26	37	2	-1
27	28	27	27	37	2	-1
28	29	28	28	37	2	-1
29	30	29	29	37	2	-1
30	31	30	30	37	2	-1
31	32	31	31	37	2	-1
32	33	32	32	37	2	-1
33	34	33	33	37	2	-1
34	35	34	34	37	2	-1
35	36	35	35	37	2	-1
36	37	36	36	37	2	-1
0	1	0	0	38	2	-1
1	2	1	1	38	2	-1
2	3	2	2	38	2	-1
3	4	3	3	38	2	-1
4	5	4	4	38	2	-1
5	6	5	5	38	2	-1
6	7	6	6	38	2	-1
7	8	7	7	38	2	-1
8	9	8	8	38	2	-1
9	10	9	9	38	2	-1
10	11	10	10	38	2	-1
11	12	11	11	38	2	-1
12	13	12	12	38	2	-1
13	14	13	13	38	2	-1
14	15	14	14	38	2	-1
15	16	15	15	38	2	-1
16	17	16	16	38	2	-1
17	18	17	17	38	2	-1
18	19	18	18	38	2	-1
19	20	19	19	38	2	-1
20	21	20	20	38	2	-1
21	22	21	21	38	2	-1
22	23	22	22	38	2	-1
23	24	23	23	38	2	-1
24	25	24	24	38	2	-1
25	26	25	25	38	2	-1
26	27	26	26	38	2	-1
27	28	27	27	38	2	-1
28	29	28	28	38	2	-1
29	30	29	29	38	2	-1
30	31	30	30	38	2	-1
31	32	31	31	38	2	-1
32	33	32	32	38	2	-1
33	34	33	33	38	2	-1
34	35	34	34	38	2	-1
35	36	35	35	38	2	-1
36	37	36	36	38	2	-1
37	38	37	37	38	2	-1
0	1	0	0	39	2	-1
1	2	1	1	39	2	-1
2	3	2	2	39	2	-1
3	4	3	3	39	2	-1
4	5	4	4	39	2	-1
5	6	5	5	39	2	-1
6	7	6	6	39	2	-1
7	8	7	7	39	2	-1
8	9	8	8	39	2	-1
9	10	9	9	39	2	-1
10	11	10	10	39	2	-1
11	12	11	11	39	2	-1
12	13	12	12	39	2	-1
13	14	13	13	39	2	-1
14	15	14	14	39	2	-1
15	16	15	15	39	2	-1
16	17	16	16	39	2	-1
17	18	17	17	39	2	-1
18	19	18	18	39	2	-1
19	20	19	19	39	2	-1
20	21	20	20	39	2	-1
21	22	21	21	39	2	-1
22	23	22	22	39	2	-1
23	24	23	23	39	2	-1
24	25	24	24	39	2	-1
25	26	25	25	39	2	-1
26	27	26	26	39	2	-1
27	28	27	27	39	2	-1
28	29	28	28	39	2	-1
29	30	29	29	39	2	-1
30	31	30	30	39	2	-1
31	32	31	31	39	2	-1
32	33	32	32	39	2	-1
33	34	33	33	39	2	-1
34	35	34	34	39	2	-1
35	36	35	35	39	2	-1
36	37	36	36	39	2	-1
37	38	37	37	39	2	-1
38	39	38	38	39	2	-1
0	1	0	0	40	2	-1
1	2	1	1	40	2	-1
2	3	2	2	40	2	-1
3	4	3	3	40	2	-1
4	5	4	4	40	2	-1
5	6	5	5	40	2	-1
6	7	6	6	40	2	-1
7	8	7	7	40	2	-1
8	9	8	8	40	2	-1
9	10	9	9	40	2	-1
10	11	10	10	40	2	-1
11	12	11	11	40	2	-1
12	13	12	12	40	2	-1
13	14	13	13	40	2	-1
14	15	14	14	40	2	-1
15	16	15	15	40	2	-1
16	17	16	16	40	2	-1
17	18	17	17	40	2	-1
18	19	18	18	40	2	-1
19	20	19	19	40	2	-1
20	21	20	20	40	2	-1
21	22	21	21	40	2	-1
22	23	22	22	40	2	-1
23	24	23	23	40	2	-1
24	25	24	24	40	2	-1
25	26	25	25	40	2	-1
26	27	26	26	40	2	-1
27	28	27	27	40	2	-1
28	29	28	28	40	2	-1
29	30	29	29	40	2	-1
30	31	30	30	40	2	-1
31	32	31	31	40	2	-1
32	33	32	32	40	2	-1
33	34	33	33	40	2	-1
34	35	34	34	40	2	-1
35	36	35	35	40	2	-1
36	37	36	36	40	2	-1
37	38	37	37	40	2	-1
38	39	38	38	40	2	-1
39	40	39	39	40	2	-1
0	1	0	0	41	2	-1
1	2	1	1	41	2	-1
2	3	2	2	41	2	-1
3	4	3	3	41	2	-1
4	5	4	4	41	2	-1
5	6	5	5	41	2	-1
6	7	6	6	41	2	-1
7	8	7	7	41	2	-1
8	9	8	8	41	2	-1
9	10	9	9	41	2	-1
10	11	10	10	41	2	-1
11	12	11	11	41	2	-1
12	13	12	12	41	2	-1
13	14	13	13	41	2	-1
14	15	14	14	41	2	-1
15	16	15	15	41	2	-1
16	17	16	16	41	2	-1
17	18	17	17	41	2	-1
18	19	18	18	41	2	-1
19	20	19	19	41	2	-1
20	21	20	20	41	2	-1
21	22	21	21	41	2	-1
22	23	22	22	41	2	-1
23	24	23	23	41	2	-1
24	25	24	24	41	2	-1
25	26	25	25	41	2	-1
26	27	26	26	41	2	-1
27	28	27	27	41	2	-1
28	29	28	28	41	2	-1
29	30	29	29	41	2	-1
30	31	30	30	41	2	-1
31	32	31	31	41	2	-1
32	33	32	32	41	2	-1
33	34	33	33	41	2	-1
34	35	34	34	41	2	-1
35	36	35	35	41	2	-1
36	37	36	36	41	2	-1
37	38	37	37	41	2	-1
38	39	38	38	41	2	-1
39	40	39	39	41	2	-1
40	41	40	40	41	2	-1
0	1	0	0	42	2	-1
1	2	1	1	42	2	-1
2	3	2	2	42	2	-1
3	4	3	3	42	2	-1
4	5	4	4	42	2	-1
5	6	5	5	42	2	-1
6	7	6	6	42	2	-1
7	8	7	7	42	2	-1
8	9	8	8	42	2	-1
9	10	9	9	42	2	-1
10	11	10	10	42	2	-1
11	12	11	11	42	2	-1
12	13	12	12	42	2	-1
13	14	13	13	42	2	-1
14	15	14	14	42	2	-1
15	16	15	15	42	2	-1
16	17	16	16	42	2	-1
17	18	17	17	42	2	-1
18	19	18	18	42	2	-1
19	20	19	19	42	2	-1
20	21	20	20	42	2	-1
21	22	21	21	42	2	-1
22	23	22	22	42	2	-1
23	24	23	23	42	2	-1
24	25	24	24	42	2	-1
25	26	25	25	42	2	-1
26	27	26	26	42	2	-1
27	28	27	27	42	2	-1
28	29	28	28	42	2	-1
29	30	29	29	42	2	-1
30	31	30	30	42	2	-1
31	32	31	31	42	2	-1
32	33	32	32	42	2	-1
33	34	33	33	42	2	-1
34	35	34	34	42	2	-1
35	36	35	35	42	2	-1
36	37	36	36	42	2	-1
37	38	37	37	42	2	-1
38	39	38	38	42	2	-1
39	40	39	39	42	2	-1
40	41	40	40	42	2	-1
41	42	41	41	42	2	-1
0	1	0	0	43	2	-1
1	2	1	1	43	2	-1
2	3	2	2	43	2	-1
3	4	3	3	43	2	-1
4	5	4	4	43	2	-1
5	6	5	5	43	2	-1
6	7	6	6	43	2	-1
7	8	7	7	43	2	-1
8	9	8	8	43	2	-1
9	10	9	9	43	2	-1
10	11	10	10	43	2	-1
11	12	11	11	43	2	-1
12	13	12	12	43	2	-1
13	14	13	13	43	2	-1
14	15	14	14	43	2	-1
15	16	15	15	43	2	-1
16	17	16	16	43	2	-1
17	18	17	17	43	2	-1
18	19	18	18	43	2	-1
19	20	19	19	43	2	-1
20	21	20	20	43	2	-1
21	22	21	21	43	2	-1
22	23	22	22	43	2	-1
23	24	23	23	43	2	-1
24	25	24	24	43	2	-1
25	26	25	25	43	2	-1
26	27	26	26	43	2	-1
27	28	27	27	43	2	-1
28	29	28	28	43	2	-1
29	30	29	29	43	2	-1
30	31	30	30	43	2	-1
31	32	31	31	43	2	-1
32	33	32	32	43	2	-1
33	34	33	33	43	2	-1
34	35	34	34	43	2	-1
35	36	35	35	43	2	-1
36	37	36	36	43	2	-1
37	38	37	37	43	2	-1
38	39	38	38	43	2	-1
39	40	39	39	43	2	-1
40	41	40	40	43	2	-1
41	42	41	41	43	2	-1
42	43	42	42	43	2	-1
0	1	0	0	44	2	-1
1	2	1	1	44	2	-1
2	3	2	2	44	2	-1
3	4	3	3	44	2	-1
4	5	4	4	44	2	-1
5	6	5	5	44	2	-1
6	7	6	6	44	2	-1
7	8	7	7	44	2	-1
8	9	8	8	44	2	-1
9	10	9	9	44	2	-1
10	11	10	10	44	2	-1
11	12	11	11	44	2	-1
12	13	12	12	44	2	-1
13	14	13	13	44	2	-1
14	15	14	14	44	2	-1
15	16	15	15	44	2	-1
16	17	16	16	44	2	-1
17	18	17	17	44	2	-1
18	19	18	18	44	2	-1
19	20	19	19	44	2	-1
20	21	20	20	44	2	-1
21	22	21	21	44	2	-1
22	23	22	22	44	2	-1
23	24	23	23	44	2	-1
24	25	24	24	44	2	-1
25	26	25	25	44	2	-1
26	27	26	26	44	2	-1
27	28	27	27	44	2	-1
28	29	28	28	44	2	-1
29	30	29	29	44	2	-1
30	31	30	30	44	2	-1
31	32	31	31	44	2	-1
32	33	32	32	44	2	-1
33	34	33	33	44	2	-1
34	35	34	34	44	2	-1
35	36	35	35	44	2	-1
36	37	36	36	44	2	-1
37	38	37	37	44	2	-1
38	39	38	38	44	2	-1
39	40	39	39	44	2	-1
40	41	40	40	44	2	-1
41	42	41	41	44	2	-1
42	43	42	42	44	2	-1
43	44	43	43	44	2	-1
0	1	0	0	45	2	-1
1	2	1	1	45	2	-1
2	3	2	2	45	2	-1
3	4	3	3	45	2	-1
4	5	4	4	45	2	-1
5	6	5	5	45	2	-1
6	7	6	6	45	2	-1
7	8	7	7	45	2	-1
8	9	8	8	45	2	-1
9	10	9	9	45	2	-1
10	11	10	10	45	2	-1
11	12	11	11	45	2	-1
12	13	12	12	45	2	-1
13	14	13	13	45	2	-1
14	15	14	14	45	2	-1
15	16	15	15	45	2	-1
16	17	16	16	45	2	-1
17	18	17	17	45	2	-1
18	19	18	18	45	2	-1
19	20	19	19	45	2	-1
20	21	20	20	45	2	-1
21	22	21	21	45	2	-1
22	23	22	22	45	2	-1
23	24	23	23	45	2	-1
24	25	24	24	45	2	-1
25	26	25	25	45	2	-1
26	27	26	26	45	2	-1
27	28	27	27	45	2	-1
28	29	28	28	45	2	-1
29	30	29	29	45	2	-1
30	31	30	30	45	2	-1
31	32	31	31	45	2	-1
32	33	32	32	45	2	-1
33	34	33	33	45	2	-1
34	35	34	34	45	2	-1
35	36	35	35	45	2	-1
36	37	36	36	45	2	-1
37	38	37	37	45	2	-1
38	39	38	38	45	2	-1
39	40	39	39	45	2	-1
40	41	40	40	45	2	-1
41	42	41	41	45	2	-1
42	43	42	42	45	2	-1
43	44	43	43	45	2	-1
44	45	44	44	45	2	-1
0	1	0	0	46	2	-1
1	2	1	1	46	2	-1
2	3	2	2	46	2	-1
3	4	3	3	46	2	-1
4	5	4	4	46	2	-1
5	6	5	5	46	2	-1
6	7	6	6	46	2	-1
7	8	7	7	46	2	-1
8	9	8	8	46	2	-1
9	10	9	9	46	2	-1
10	11	10	10	46	2	-1
11	12	11	11	46	2	-1
12	13	12	12	46	2	-1
13	14	13	13	46	2	-1
14	15	14	14	46	2	-1
15	16	15	15	46	2	-1
16	17	16	16	46	2	-1
17	18	17	17	46	2	-1
18	19	18	18	46	2	-1
19	20	19	19	46	2	-1
20	21	20	20	46	2	-1
21	22	21	21	46	2	-1
22	23	22	22	46	2	-1
23	24	23	23	46	2	-1
24	25	24	24	46	2	-1
25	26	25	25	46	2	-1
26	27	26	26	46	2	-1
27	28	27	27	46	2	-1
28	29	28	28	46	2	-1
29	30	29	29	46	2	-1
30	31	30	30	46	2	-1
31	32	31	31	46	2	-1
32	33	32	32	46	2	-1
33	34	33	33	46	2	-1
34	35	34	34	46	2	-1
35	36	35	35	46	2	-1
36	37	36	36	46	2	-1
37	38	37	37	46	2	-1
38	39	38	38	46	2	-1
39	40	39	39	46	2	-1
40	41	40	40	46	2	-1
41	42	41	41	46	2	-1
42	43	42	42	46	2	-1
43	44	43	43	46	2	-1
44	45	44	44	46	2	-1
45	46	45	45	46	2	-1
0	1	0	0	47	2	-1
1	2	1	1	47	2	-1
2	3	2	2	47	2	-1
3	4	3	3	47	2	-1
4	5	4	4	47	2	-1
5	6	5	5	47	2	-1
6	7	6	6	47	2	-1
7	8	7	7	47	2	-1
8	9	8	8	47	2	-1
9	10	9	9	47	2	-1
10	11	10	10	47	2	-1
11	12	11	11	47	2	-1
12	13	12	12	47	2	-1
13	14	13	13	47	2	-1
14	15	14	14	47	2	-1
15	16	15	15	47	2	-1
16	17	16	16	47	2	-1
17	18	17	17	47	2	-1
18	19	18	18	47	2	-1
19	20	19	19	47	2	-1
20	21	20	20	47	2	-1
21	22	21	21	47	2	-1
22	23	22	22	47	2	-1
23	24	23	23	47	2	-1
24	25	24	24	47	2	-1
25	26	25	25	47	2	-1
26	27	26	26	47	2	-1
27	28	27	27	47	2	-1
28	29	28	28	47	2	-1
29	30	29	29	47	2	-1
30	31	30	30	47	2	-1
31	32	31	31	47	2	-1
32	33	32	32	47	2	-1
33	34	33	33	47	2	-1
34	35	34	34	47	2	-1
35	36	35	35	47	2	-1
36	37	36	36	47	2	-1
37	38	37	37	47	2	-1
38	39	38	38	47	2	-1
39	40	39	39	47	2	-1
40	41	40	40	47	2	-1
41	42	41	41	47	2	-1
42	43	42	42	47	2	-1
43	44	43	43	47	2	-1
44	45	44	44	47	2	-1
45	46	45	45	47	2	-1
46	47	46	46	47	2	-1
0	1	0	0	48	2	-1
1	2	1	1	48	2	-1
2	3	2	2	48	2	-1
3	4	3	3	48	2	-1
4	5	4	4	48	2	-1
5	6	5	5	48	2	-1
6	7	6	6	48	2	-1
7	8	7	7	48	2	-1
8	9	8	8	48	2	-1
9	10	9	9	48	2	-1
10	11	10	10	48	2	-1
11	12	11	11	48	2	-1
12	13	12	12	48	2	-1
13	14	13	13	48	2	-1
14	15	14	14	48	2	-1
15	16	15	15	48	2	-1
16	17	16	16	48	2	-1
17	18	17	17	48	2	-1
18	19	18	18	48	2	-1
19	20	19	19	48	2	-1
20	21	20	20	48	2	-1
21	22	21	21	48	2	-1
22	23	22	22	48	2	-1
23	24	23	23	48	2	-1
24	25	24	24	48	2	-1
25	26	25	25	48	2	-1
26	27	26	26	48	2	-1
27	28	27	27	48	2	-1
28	29	28	28	48	2	-1
29	30	29	29	48	2	-1
30	31	30	30	48	2	-1
31	32	31	31	48	2	-1
32	33	32	32	48	2	-1
33	34	33	33	48	2	-1
34	35	34	34	48	2	-1
35	36	35	35	48	2	-1
36	37	36	36	48	2	-1
37	38	37	37	48	2	-1
38	39	38	38	48	2	-1
39	40	39	39	48	2	-1
40	41	40	40	48	2	-1
41	42	41	41	48	2	-1
42	43	42	42	48	2	-1
43	44	43	43	48	2	-1
44	45	44	44	48	2	-1
45	46	45	45	48	2	-1
46	47	46	46	48	2	-1
47	48	47	47	48	2	-1
0	1	0	0	49	2	-1
1	2	1	1	49	2	-1
2	3	2	2	49	2	-1
3	4	3	3	49	2	-1
4	5	4	4	49	2	-1
5	6	5	5	49	2	-1
6	7	6	6	49	2	-1
7	8	7	7	49	2	-1
8	9	8	8	49	2	-1
9	10	9	9	49	2	-1
10	11	10	10	49	2	-1
11	12	11	11	49	2	-1
12	13	12	12	49	2	-1
13	14	13	13	49	2	-1
14	15	14	14	49	2	-1
15	16	15	15	49	2	-1
16	17	16	16	49	2	-1
17	18	17	17	49	2	-1
18	19	18	18	49	2	-1
19	20	19	19	49	2	-1
20	21	20	20	49	2	-1
21	22	21	21	49	2	-1
22	23	22	22	49	2	-1
23	24	23	23	49	2	-1
24	25	24	24	49	2	-1
25	26	25	25	49	2	-1
26	27	26	26	49	2	-1
27	28	27	27	49	2	-1
28	29	28	28	49	2	-1
29	30	29	29	49	2	-1
30	31	30	30	49	2	-1
31	32	31	31	49	2	-1
32	33	32	32	49	2	-1
33	34	33	33	49	2	-1
34	35	34	34	49	2	-1
35	36	35	35	49	2	-1
36	37	36	36	49	2	-1
37	38	37	37	49	2	-1
38	39	38	38	49	2	-1
39	40	39	39	49	2	-1
40	41	40	40	49	2	-1
41	42	41	41	49	2	-1
42	43	42	42	49	2	-1
43	44	43	43	49	2	-1
44	45	44	44	49	2	-1
45	46	45	45	49	2	-1
46	47	46	46	49	2	-1
47	48	47	47	49	2	-1
48	49	48	48	49	2	-1
0	1	0	0	50	2	-1
1	2	1	1	50	2	-1
2	3	2	2	50	2	-1
3	4	3	3	50	2	-1
4	5	4	4	50	2	-1
5	6	5	5	50	2	-1
6	7	6	6	50	2	-1
7	8	7	7	50	2	-1
8	9	8	8	50	2	-1
9	10	9	9	50	2	-1
10	11	10	10	50	2	-1
11	12	11	11	50	2	-1
12	13	12	12	50	2	-1
13	14	13	13	50	2	-1
14	15	14	14	50	2	-1
15	16	15	15	50	2	-1
16	17	16	16	50	2	-1
17	18	17	17	50	2	-1
18	19	18	18	50	2	-1
19	20	19	19	50	2	-1
20	21	20	20	50	2	-1
21	22	21	21	50	2	-1
22	23	22	22	50	2	-1
23	24	23	23	50	2	-1
24	25	24	24	50	2	-1
25	26	25	25	50	2	-1
26	27	26	26	50	2	-1
27	28	27	27	50	2	-1
28	29	28	28	50	2	-1
29	30	29	29	50	2	-1
30	31	30	30	50	2	-1
31	32	31	31	50	2	-1
32	33	32	32	50	2	-1
33	34	33	33	50	2	-1
34	35	34	34	50	2	-1
35	36	35	35	50	2	-1
36	37	36	36	50	2	-1
37	38	37	37	50	2	-1
38	39	38	38	50	2	-1
39	40	39	39	50	2	-1
40	41	40	40	50	2	-1
41	42	41	41	50	2	-1
42	43	42	42	50	2	-1
43	44	43	43	50	2	-1
44	45	44	44	50	2	-1
45	46	45	45	50	2	-1
46	47	46	46	50	2	-1
47	48	47	47	50	2	-1
48	49	48	48	50	2	-1
49	50	49	49	50	2	-1
0	1	0	0	51	2	-1
1	2	1	1	51	2	-1
2	3	2	2	51	2	-1
3	4	3	3	51	2	-1
4	5	4	4	51	2	-1
5	6	5	5	51	2	-1
6	7	6	6	51	2	-1
7	8	7	7	51	2	-1
8	9	8	8	51	2	-1
9	10	9	9	51	2	-1
10	11	10	10	51	2	-1
11	12	11	11	51	2	-1
12	13	12	12	51	2	-1
13	14	13	13	51	2	-1
14	15	14	14	51	2	-1
15	16	15	15	51	2	-1
16	17	16	16	51	2	-1
17	18	17	17	51	2	-1
18	19	18	18	51	2	-1
19	20	19	19	51	2	-1
20	21	20	20	51	2	-1
21	22	21	21	51	2	-1
22	23	22	22	51	2	-1
23	24	23	23	51	2	-1
24	25	24	24	51	2	-1
25	26	25	25	51	2	-1
26	27	26	26	51	2	-1
27	28	27	27	51	2	-1
28	29	28	28	51	2	-1
29	30	29	29	51	2	-1
30	31	30	30	51	2	-1
31	32	31	31	51	2	-1
32	33	32	32	51	2	-1
33	34	33	33	51	2	-1
34	35	34	34	51	2	-1
35	36	35	35	51	2	-1
36	37	36	36	51	2	-1
37	38	37	37	51	2	-1
38	39	38	38	51	2	-1
39	40	39	39	51	2	-1
40	41	40	40	51	2	-1
41	42	41	41	51	2	-1
42	43	42	42	51	2	-1
43	44	43	43	51	2	-1
44	45	44	44	51	2	-1
45	46	45	45	51	2	-1
46	47	46	46	51	2	-1
47	48	47	47	51	2	-1
48	49	48	48	51	2	-1
49	50	49	49	51	2	-1
50	51	50	50	51	2	-1
0	1	0	0	52	2	-1
1	2	1	1	52	2	-1
2	3	2	2	52	2	-1
3	4	3	3	52	2	-1
4	5	4	4	52	2	-1
5	6	5	5	52	2	-1
6	7	6	6	52	2	-1
7	8	7	7	52	2	-1
8	9	8	8	52	2	-1
9	10	9	9	52	2	-1
10	11	10	10	52	2	-1
11	12	11	11	52	2	-1
12	13	12	12	52	2	-1
13	14	13	13	52	2	-1
14	15	14	14	52	2	-1
15	16	15	15	52	2	-1
16	17	16	16	52	2	-1
17	18	17	17	52	2	-1
18	19	18	18	52	2	-1
19	20	19	19	52	2	-1
20	21	20	20	52	2	-1
21	22	21	21	52	2	-1
22	23	22	22	52	2	-1
23	24	23	23	52	2	-1
24	25	24	24	52	2	-1
25	26	25	25	52	2	-1
26	27	26	26	52	2	-1
27	28	27	27	52	2	-1
28	29	28	28	52	2	-1
29	30	29	29	52	2	-1
30	31	30	30	52	2	-1
31	32	31	31	52	2	-1
32	33	32	32	52	2	-1
33	34	33	33	52	2	-1
34	35	34	34	52	2	-1
35	36	35	35	52	2	-1
36	37	36	36	52	2	-1
37	38	37	37	52	2	-1
38	39	38	38	52	2	-1
39	40	39	39	52	2	-1
40	41	40	40	52	2	-1
41	42	41	41	52	2	-1
42	43	42	42	52	2	-1
43	44	43	43	52	2	-1
44	45	44	44	52	2	-1
45	46	45	45	52	2	-1
46	47	46	46	52	2	-1
47	48	47	47	52	2	-1
48	49	48	48	52	2	-1
49	50	49	49	52	2	-1
50	51	50	50	52	2	-1
51	52	51	51	52	2	-1
0	1	0	0	53	2	-1
1	2	1	1	53	2	-1
2	3	2	2	53	2	-1
3	4	3	3	53	2	-1
4	5	4	4	53	2	-1
5	6	5	5	53	2	-1
6	7	6	6	53	2	-1
7	8	7	7	53	2	-1
8	9	8	8	53	2	-1
9	10	9	9	53	2	-1
10	11	10	10	53	2	-1
11	12	11	11	53	2	-1
12	13	12	12	53	2	-1
13	14	13	13	53	2	-1
14	15	14	14	53	2	-1
15	16	15	15	53	2	-1
16	17	16	16	53	2	-1
17	18	17	17	53	2	-1
18	19	18	18	53	2	-1
19	20	19	19	53	2	-1
20	21	20	20	53	2	-1
21	22	21	21	53	2	-1
22	23	22	22	53	2	-1
23	24	23	23	53	2	-1
24	25	24	24	53	2	-1
25	26	25	25	53	2	-1
26	27	26	26	53	2	-1
27	28	27	27	53	2	-1
28	29	28	28	53	2	-1
29	30	29	29	53	2	-1
30	31	30	30	53	2	-1
31	32	31	31	53	2	-1
32	33	32	32	53	2	-1
33	34	33	33	53	2	-1
34	35	34	34	53	2	-1
35	36	35	35	53	2	-1
36	37	36	36	53	2	-1
37	38	37	37	53	2	-1
38	39	38	38	53	2	-1
39	40	39	39	53	2	-1
40	41	40	40	53	2	-1
41	42	41	41	53	2	-1
42	43	42	42	53	2	-1
43	44	43	43	53	2	-1
44	45	44	44	53	2	-1
45	46	45	45	53	2	-1
46	47	46	46	53	2	-1
47	48	47	47	53	2	-1
48	49	48	48	53	2	-1
49	50	49	49	53	2	-1
50	51	50	50	53	2	-1
51	52	51	51	53	2	-1
52	53	52	52	53	2	-1
0	1	0	0	54	2	-1
1	2	1	1	54	2	-1
2	3	2	2	54	2	-1
3	4	3	3	54	2	-1
4	5	4	4	54	2	-1
5	6	5	5	54	2	-1
6	7	6	6	54	2	-1
7	8	7	7	54	2	-1
8	9	8	8	54	2	-1
9	10	9	9	54	2	-1
10	11	10	10	54	2	-1
11	12	11	11	54	2	-1
12	13	12	12	54	2	-1
13	14	13	13	54	2	-1
14	15	14	14	54	2	-1
15	16	15	15	54	2	-1
16	17	16	16	54	2	-1
17	18	17	17	54	2	-1
18	19	18	18	54	2	-1
19	20	19	19	54	2	-1
20	21	20	20	54	2	-1
21	22	21	21	54	2	-1
22	23	22	22	54	2	-1
23	24	23	23	54	2	-1
24	25	24	24	54	2	-1
25	26	25	25	54	2	-1
26	27	26	26	54	2	-1
27	28	27	27	54	2	-1
28	29	28	28	54	2	-1
29	30	29	29	54	2	-1
30	31	30	30	54	2	-1
31	32	31	31	54	2	-1
32	33	32	32	54	2	-1
33	34	33	33	54	2	-1
34	35	34	34	54	2	-1
35	36	35	35	54	2	-1
36	37	36	36	54	2	-1
37	38	37	37	54	2	-1
38	39	38	38	54	2	-1
39	40	39	39	54	2	-1
40	41	40	40	54	2	-1
41	42	41	41	54	2	-1
42	43	42	42	54	2	-1
43	44	43	43	54	2	-1
44	45	44	44	54	2	-1
45	46	45	45	54	2	-1
46	47	46	46	54	2	-1
47	48	47	47	54	2	-1
48	49	48	48	54	2	-1
49	50	49	49	54	2	-1
50	51	50	50	54	2	-1
51	52	51	51	54	2	-1
52	53	52	52	54	2	-1
53	54	53	53	54	2	-1
0	1	0	0	55	2	-1
1	2	1	1	55	2	-1
2	3	2	2	55	2	-1
3	4	3	3	55	2	-1
4	5	4	4	55	2	-1
5	6	5	5	55	2	-1
6	7	6	6	55	2	-1
7	8	7	7	55	2	-1
8	9	8	8	55	2	-1
9	10	9	9	55	2	-1
10	11	10	10	55	2	-1
11	12	11	11	55	2	-1
12	13	12	12	55	2	-1
13	14	13	13	55	2	-1
14	15	14	14	55	2	-1
15	16	15	15	55	2	-1
16	17	16	16	55	2	-1
17	18	17	17	55	2	-1
18	19	18	18	55	2	-1
19	20	19	19	55	2	-1
20	21	20	20	55	2	-1
21	22	21	21	55	2	-1
22	23	22	22	55	2	-1
23	24	23	23	55	2	-1
24	25	24	24	55	2	-1
25	26	25	25	55	2	-1
26	27	26	26	55	2	-1
27	28	27	27	55	2	-1
28	29	28	28	55	2	-1
29	30	29	29	55	2	-1
30	31	30	30	55	2	-1
31	32	31	31	55	2	-1
32	33	32	32	55	2	-1
33	34	33	33	55	2	-1
34	35	34	34	55	2	-1
35	36	35	35	55	2	-1
36	37	36	36	55	2	-1
37	38	37	37	55	2	-1
38	39	38	38	55	2	-1
39	40	39	39	55	2	-1
40	41	40	40	55	2	-1
41	42	41	41	55	2	-1
42	43	42	42	55	2	-1
43	44	43	43	55	2	-1
44	45	44	44	55	2	-1
45	46	45	45	55	2	-1
46	47	46	46	55	2	-1
47	48	47	47	55	2	-1
48	49	48	48	55	2	-1
49	50	49	49	55	2	-1
50	51	50	50	55	2	-1
51	52	51	51	55	2	-1
52	53	52	52	55	2	-1
53	54	53	53	55	2	-1
54	55	54	54	55	2	-1
0	1	0	0	56	2	-1
1	2	1	1	56	2	-1
2	3	2	2	56	2	-1
3	4	3	3	56	2	-1
4	5	4	4	56	2	-1
5	6	5	5	56	2	-1
6	7	6	6	56	2	-1
7	8	7	7	56	2	-1
8	9	8	8	56	2	-1
9	10	9	9	56	2	-1
10	11	10	10	56	2	-1
11	12	11	11	56	2	-1
12	13	12	12	56	2	-1
13	14	13	13	56	2	-1
14	15	14	14	56	2	-1
15	16	15	15	56	2	-1
16	17	16	16	56	2	-1
17	18	17	17	56	2	-1
18	19	18	18	56	2	-1
19	20	19	19	56	2	-1
20	21	20	20	56	2	-1
21	22	21	21	56	2	-1
22	23	22	22	56	2	-1
23	24	23	23	56	2	-1
24	25	24	24	56	2	-1
25	26	25	25	56	2	-1
26	27	26	26	56	2	-1
27	28	27	27	56	2	-1
28	29	28	28	56	2	-1
29	30	29	29	56	2	-1
30	31	30	30	56	2	-1
31	32	31	31	56	2	-1
32	33	32	32	56	2	-1
33	34	33	33	56	2	-1
34	35	34	34	56	2	-1
35	36	35	35	56	2	-1
36	37	36	36	56	2	-1
37	38	37	37	56	2	-1
38	39	38	38	56	2	-1
39	40	39	39	56	2	-1
40	41	40	40	56	2	-1
41	42	41	41	56	2	-1
42	43	42	42	56	2	-1
43	44	43	43	56	2	-1
44	45	44	44	56	2	-1
45	46	45	45	56	2	-1
46	47	46	46	56	2	-1
47	48	47	47	56	2	-1
48	49	48	48	56	2	-1
49	50	49	49	56	2	-1
50	51	50	50	56	2	-1
51	52	51	51	56	2	-1
52	53	52	52	56	2	-1
53	54	53	53	56	2	-1
54	55	54	54	56	2	-1
55	56	55	55	56	2	-1
0	1	0	0	57	2	-1
1	2	1	1	57	2	-1
2	3	2	2	57	2	-1
3	4	3	3	57	2	-1
4	5	4	4	57	2	-1
5	6	5	5	57	2	-1
6	7	6	6	57	2	-1
7	8	7	7	57	2	-1
8	9	8	8	57	2	-1
9	10	9	9	57	2	-1
10	11	10	10	57	2	-1
11	12	11	11	57	2	-1
12	13	12	12	57	2	-1
13	14	13	13	57	2	-1
14	15	14	14	57	2	-1
15	16	15	15	57	2	-1
16	17	16	16	57	2	-1
17	18	17	17	57	2	-1
18	19	18	18	57	2	-1
19	20	19	19	57	2	-1
20	21	20	20	57	2	-1
21	22	21	21	57	2	-1
22	23	22	22	57	2	-1
23	24	23	23	57	2	-1
24	25	24	24	57	2	-1
25	26	25	25	57	2	-1
26	27	26	26	57	2	-1
27	28	27	27	57	2	-1
28	29	28	28	57	2	-1
29	30	29	29	57	2	-1
30	31	30	30	57	2	-1
31	32	31	31	57	2	-1
32	33	32	32	57	2	-1
33	34	33	33	57	2	-1
34	35	34	34	57	2	-1
35	36	35	35	57	2	-1
36	37	36	36	57	2	-1
37	38	37	37	57	2	-1
38	39	38	38	57	2	-1
39	40	39	39	57	2	-1
40	41	40	40	57	2	-1
41	42	41	41	57	2	-1
42	43	42	42	57	2	-1
43	44	43	43	57	2	-1
44	45	44	44	57	2	-1
45	46	45	45	57	2	-1
46	47	46	46	57	2	-1
47	48	47	47	57	2	-1
48	49	48	48	57	2	-1
49	50	49	49	57	2	-1
50	51	50	50	57	2	-1
51	52	51	51	57	2	-1
52	53	52	52	57	2	-1
53	54	53	53	57	2	-1
54	55	54	54	57	2	-1
55	56	55	55	57	2	-1
56	57	56	56	57	2	-1
0	1	0	0	58	2	-1
1	2	1	1	58	2	-1
2	3	2	2	58	2	-1
3	4	3	3	58	2	-1
4	5	4	4	58	2	-1
5	6	5	5	58	2	-1
6	7	6	6	58	2	-1
7	8	7	7	58	2	-1
8	9	8	8	58	2	-1
9	10	9	9	58	2	-1
10	11	10	10	58	2	-1
11	12	11	11	58	2	-1
12	13	12	12	58	2	-1
13	14	13	13	58	2	-1
14	15	14	14	58	2	-1
15	16	15	15	58	2	-1
16	17	16	16	58	2	-1
17	18	17	17	58	2	-1
18	19	18	18	58	2	-1
19	20	19	19	58	2	-1
20	21	20	20	58	2	-1
21	22	21	21	58	2	-1
22	23	22	22	58	2	-1
23	24	23	23	58	2	-1
24	25	24	24	58	2	-1
25	26	25	25	58	2	-1
26	27	26	26	58	2	-1
27	28	27	27	58	2	-1
28	29	28	28	58	2	-1
29	30	29	29	58	2	-1
30	31	30	30	58	2	-1
31	32	31	31	58	2	-1
32	33	32	32	58	2	-1
33	34	33	33	58	2	-1
34	35	34	34	58	2	-1
35	36	35	35	58	2	-1
36	37	36	36	58	2	-1
37	38	37	37	58	2	-1
38	39	38	38	58	2	-1
39	40	39	39	58	2	-1
40	41	40	40	58	2	-1
41	42	41	41	58	2	-1
42	43	42	42	58	2	-1
43	44	43	43	58	2	-1
44	45	44	44	58	2	-1
45	46	45	45	58	2	-1
46	47	46	46	58	2	-1
47	48	47	47	58	2	-1
48	49	48	48	58	2	-1
49	50	49	49	58	2	-1
50	51	50	50	58	2	-1
51	52	51	51	58	2	-1
52	53	52	52	58	2	-1
53	54	53	53	58	2	-1
54	55	54	54	58	2	-1
55	56	55	55	58	2	-1
56	57	56	56	58	2	-1
57	58	57	57	58	2	-1
0	1	0	0	59	2	-1
1	2	1	1	59	2	-1
2	3	2	2	59	2	-1
3	4	3	3	59	2	-1
4	5	4	4	59	2	-1
5	6	5	5	59	2	-1
6	7	6	6	59	2	-1
7	8	7	7	59	2	-1
8	9	8	8	59	2	-1
9	10	9	9	59	2	-1
10	11	10	10	59	2	-1
11	12	11	11	59	2	-1
12	13	12	12	59	2	-1
13	14	13	13	59	2	-1
14	15	14	14	59	2	-1
15	16	15	15	59	2	-1
16	17	16	16	59	2	-1
17	18	17	17	59	2	-1
18	19	18	18	59	2	-1
19	20	19	19	59	2	-1
20	21	20	20	59	2	-1
21	22	21	21	59	2	-1
22	23	22	22	59	2	-1
23	24	23	23	59	2	-1
24	25	24	24	59	2	-1
25	26	25	25	59	2	-1
26	27	26	26	59	2	-1
27	28	27	27	59	2	-1
28	29	28	28	59	2	-1
29	30	29	29	59	2	-1
30	31	30	30	59	2	-1
31	32	31	31	59	2	-1
32	33	32	32	59	2	-1
33	34	33	33	59	2	-1
34	35	34	34	59	2	-1
35	36	35	35	59	2	-1
36	37	36	36	59	2	-1
37	38	37	37	59	2	-1
38	39	38	38	59	2	-1
39	40	39	39	59	2	-1
40	41	40	40	59	2	-1
41	42	41	41	59	2	-1
42	43	42	42	59	2	-1
43	44	43	43	59	2	-1
44	45	44	44	59	2	-1
45	46	45	45	59	2	-1
46	47	46	46	59	2	-1
47	48	47	47	59	2	-1
48	49	48	48	59	2	-1
49	50	49	49	59	2	-1
50	51	50	50	59	2	-1
51	52	51	51	59	2	-1
52	53	52	52	59	2	-1
53	54	53	53	59	2	-1
54	55	54	54	59	2	-1
55	56	55	55	59	2	-1
56	57	56	56	59	2	-1
57	58	57	57	59	2	-1
58	59	58	58	59	2	-1
0	1	0	0	60	2	-1
1	2	1	1	60	2	-1
2	3	2	2	60	2	-1
3	4	3	3	60	2	-1
4	5	4	4	60	2	-1
5	6	5	5	60	2	-1
6	7	6	6	60	2	-1
7	8	7	7	60	2	-1
8	9	8	8	60	2	-1
9	10	9	9	60	2	-1
10	11	10	10	60	2	-1
11	12	11	11	60	2	-1
12	13	12	12	60	2	-1
13	14	13	13	60	2	-1
14	15	14	14	60	2	-1
15	16	15	15	60	2	-1
16	17	16	16	60	2	-1
17	18	17	17	60	2	-1
18	19	18	18	60	2	-1
19	20	19	19	60	2	-1
20	21	20	20	60	2	-1
21	22	21	21	60	2	-1
22	23	22	22	60	2	-1
23	24	23	23	60	2	-1
24	25	24	24	60	2	-1
25	26	25	25	60	2	-1
26	27	26	26	60	2	-1
27	28	27	27	60	2	-1
28	29	28	28	60	2	-1
29	30	29	29	60	2	-1
30	31	30	30	60	2	-1
31	32	31	31	60	2	-1
32	33	32	32	60	2	-1
33	34	33	33	60	2	-1
34	35	34	34	60	2	-1
35	36	35	35	60	2	-1
36	37	36	36	60	2	-1
37	38	37	37	60	2	-1
38	39	38	38	60	2	-1
39	40	39	39	60	2	-1
40	41	40	40	60	2	-1
41	42	41	41	60	2	-1
42	43	42	42	60	2	-1
43	44	43	43	60	2	-1
44	45	44	44	60	2	-1
45	46	45	45	60	2	-1
46	47	46	46	60	2	-1
47	48	47	47	60	2	-1
48	49	48	48	60	2	-1
49	50	49	49	60	2	-1
50	51	50	50	60	2	-1
51	52	51	51	60	2	-1
52	53	52	52	60	2	-1
53	54	53	53	60	2	-1
54	55	54	54	60	2	-1
55	56	55	55	60	2	-1
56	57	56	56	60	2	-1
57	58	57	57	60	2	-1
58	59	58	58	60	2	-1
59	60	59	59	60	2	-1
0	1	0	0	61	2	-1
1	2	1	1	61	2	-1
2	3	2	2	61	2	-1
3	4	3	3	61	2	-1
4	5	4	4	61	2	-1
5	6	5	5	61	2	-1
6	7	6	6	61	2	-1
7	8	7	7	61	2	-1
8	9	8	8	61	2	-1
9	10	9	9	61	2	-1
10	11	10	10	61	2	-1
11	12	11	11	61	2	-1
12	13	12	12	61	2	-1
13	14	13	13	61	2	-1
14	15	14	14	61	2	-1
15	16	15	15	61	2	-1
16	17	16	16	61	2	-1
17	18	17	17	61	2	-1
18	19	18	18	61	2	-1
19	20	19	19	61	2	-1
20	21	20	20	61	2	-1
21	22	21	21	61	2	-1
22	23	22	22	61	2	-1
23	24	23	23	61	2	-1
24	25	24	24	61	2	-1
25	26	25	25	61	2	-1
26	27	26	26	61	2	-1
27	28	27	27	61	2	-1
28	29	28	28	61	2	-1
29	30	29	29	61	2	-1
30	31	30	30	61	2	-1
31	32	31	31	61	2	-1
32	33	32	32	61	2	-1
33	34	33	33	61	2	-1
34	35	34	34	61	2	-1
35	36	35	35	61	2	-1
36	37	36	36	61	2	-1
37	38	37	37	61	2	-1
38	39	38	38	61	2	-1
39	40	39	39	61	2	-1
40	41	40	40	61	2	-1
41	42	41	41	61	2	-1
42	43	42	42	61	2	-1
43	44	43	43	61	2	-1
44	45	44	44	61	2	-1
45	46	45	45	61	2	-1
46	47	46	46	61	2	-1
47	48	47	47	61	2	-1
48	49	48	48	61	2	-1
49	50	49	49	61	2	-1
50	51	50	50	61	2	-1
51	52	51	51	61	2	-1
52	53	52	52	61	2	-1
53	54	53	53	61	2	-1
54	55	54	54	61	2	-1
55	56	55	55	61	2	-1
56	57	56	56	61	2	-1
57	58	57	57	61	2	-1
58	59	58	58	61	2	-1
59	60	59	59	61	2	-1
60	61	60	60	61	2	-1
0	1	0	0	62	2	-1
1	2	1	1	62	2	-1
2	3	2	2	62	2	-1
3	4	3	3	62	2	-1
4	5	4	4	62	2	-1
5	6	5	5	62	2	-1
6	7	6	6	62	2	-1
7	8	7	7	62	2	-1
8	9	8	8	62	2	-1
9	10	9	9	62	2	-1
10	11	10	10	62	2	-1
11	12	11	11	62	2	-1
12	13	12	12	62	2	-1
13	14	13	13	62	2	-1
14	15	14	14	62	2	-1
15	16	15	15	62	2	-1
16	17	16	16	62	2	-1
17	18	17	17	62	2	-1
18	19	18	18	62	2	-1
19	20	19	19	62	2	-1
20	21	20	20	62	2	-1
21	22	21	21	62	2	-1
22	23	22	22	62	2	-1
23	24	23	23	62	2	-1
24	25	24	24	62	2	-1
25	26	25	25	62	2	-1
26	27	26	26	62	2	-1
27	28	27	27	62	2	-1
28	29	28	28	62	2	-1
29	30	29	29	62	2	-1
30	31	30	30	62	2	-1
31	32	31	31	62	2	-1
32	33	32	32	62	2	-1
33	34	33	33	62	2	-1
34	35	34	34	62	2	-1
35	36	35	35	62	2	-1
36	37	36	36	62	2	-1
37	38	37	37	62	2	-1
38	39	38	38	62	2	-1
39	40	39	39	62	2	-1
40	41	40	40	62	2	-1
41	42	41	41	62	2	-1
42	43	42	42	62	2	-1
43	44	43	43	62	2	-1
44	45	44	44	62	2	-1
45	46	45	45	62	2	-1
46	47	46	46	62	2	-1
47	48	47	47	62	2	-1
48	49	48	48	62	2	-1
49	50	49	49	62	2	-1
50	51	50	50	62	2	-1
51	52	51	51	62	2	-1
52	53	52	52	62	2	-1
53	54	53	53	62	2	-1
54	55	54	54	62	2	-1
55	56	55	55	62	2	-1
56	57	56	56	62	2	-1
57	58	57	57	62	2	-1
58	59	58	58	62	2	-1
59	60	59	59	62	2	-1
60	61	60	60	62	2	-1
61	62	61	61	62	2	-1
0	1	0	0	63	2	-1
1	2	1	1	63	2	-1
2	3	2	2	63	2	-1
3	4	3	3	63	2	-1
4	5	4	4	63	2	-1
5	6	5	5	63	2	-1
6	7	6	6	63	2	-1
7	8	7	7	63	2	-1
8	9	8	8	63	2	-1
9	10	9	9	63	2	-1
10	11	10	10	63	2	-1
11	12	11	11	63	2	-1
12	13	12	12	63	2	-1
13	14	13	13	63	2	-1
14	15	14	14	63	2	-1
15	16	15	15	63	2	-1
16	17	16	16	63	2	-1
17	18	17	17	63	2	-1
18	19	18	18	63	2	-1
19	20	19	19	63	2	-1
20	21	20	20	63	2	-1
21	22	21	21	63	2	-1
22	23	22	22	63	2	-1
23	24	23	23	63	2	-1
24	25	24	24	63	2	-1
25	26	25	25	63	2	-1
26	27	26	26	63	2	-1
27	28	27	27	63	2	-1
28	29	28	28	63	2	-1
29	30	29	29	63	2	-1
30	31	30	30	63	2	-1
31	32	31	31	63	2	-1
32	33	32	32	63	2	-1
33	34	33	33	63	2	-1
34	35	34	34	63	2	-1
35	36	35	35	63	2	-1
36	37	36	36	63	2	-1
37	38	37	37	63	2	-1
38	39	38	38	63	2	-1
39	40	39	39	63	2	-1
40	41	40	40	63	2	-1
41	42	41	41	63	2	-1
42	43	42	42	63	2	-1
43	44	43	43	63	2	-1
44	45	44	44	63	2	-1
45	46	45	45	63	2	-1
46	47	46	46	63	2	-1
47	48	47	47	63	2	-1
48	49	48	48	63	2	-1
49	50	49	49	63	2	-1
50	51	50	50	63	2	-1
51	52	51	51	63	2	-1
52	53	52	52	63	2	-1
53	54	53	53	63	2	-1
54	55	54	54	63	2	-1
55	56	55	55	63	2	-1
56	57	56	56	63	2	-1
57	58	57	57	63	2	-1
58	59	58	58	63	2	-1
59	60	59	59	63	2	-1
60	61	60	60	63	2	-1
61	62	61	61	63	2	-1
62	63	62	62	63	2	-1
0	1	0	0	64	2	-1
1	2	1	1	64	2	-1
2	3	2	2	64	2	-1
3	4	3	3	64	2	-1
4	5	4	4	64	2	-1
5	6	5	5	64	2	-1
6	7	6	6	64	2	-1
7	8	7	7	64	2	-1
8	9	8	8	64	2	-1
9	10	9	9	64	2	-1
10	11	10	10	64	2	-1
11	12	11	11	64	2	-1
12	13	12	12	64	2	-1
13	14	13	13	64	2	-1
14	15	14	14	64	2	-1
15	16	15	15	64	2	-1
16	17	16	16	64	2	-1
17	18	17	17	64	2	-1
18	19	18	18	64	2	-1
19	20	19	19	64	2	-1
20	21	20	20	64	2	-1
21	22	21	21	64	2	-1
22	23	22	22	64	2	-1
23	24	23	23	64	2	-1
24	25	24	24	64	2	-1
25	26	25	25	64	2	-1
26	27	26	26	64	2	-1
27	28	27	27	64	2	-1
28	29	28	28	64	2	-1
29	30	29	29	64	2	-1
30	31	30	30	64	2	-1
31	32	31	31	64	2	-1
32	33	32	32	64	2	-1
33	34	33	33	64	2	-1
34	35	34	34	64	2	-1
35	36	35	35	64	2	-1
36	37	36	36	64	2	-1
37	38	37	37	64	2	-1
38	39	38	38	64	2	-1
39	40	39	39	64	2	-1
40	41	40	40	64	2	-1
41	42	41	41	64	2	-1
42	43	42	42	64	2	-1
43	44	43	43	64	2	-1
44	45	44	44	64	2	-1
45	46	45	45	64	2	-1
46	47	46	46	64	2	-1
47	48	47	47	64	2	-1
48	49	48	48	64	2	-1
49	50	49	49	64	2	-1
50	51	50	50	64	2	-1
51	52	51	51	64	2	-1
52	53	52	52	64	2	-1
53	54	53	53	64	2	-1
54	55	54	54	64	2	-1
55	56	55	55	64	2	-1
56	57	56	56	64	2	-1
57	58	57	57	64	2	-1
58	59	58	58	64	2	-1
59	60	59	59	64	2	-1
60	61	60	60	64	2	-1
61	62	61	61	64	2	-1
62	63	62	62	64	2	-1
63	64	63	63	64	2	-1
0	1	0	0	65	2	-1
1	2	1	1	65	2	-1
2	3	2	2	65	2	-1
3	4	3	3	65	2	-1
4	5	4	4	65	2	-1
5	6	5	5	65	2	-1
6	7	6	6	65	2	-1
7	8	7	7	65	2	-1
8	9	8	8	65	2	-1
9	10	9	9	65	2	-1
10	11	10	10	65	2	-1
11	12	11	11	65	2	-1
12	13	12	12	65	2	-1
13	14	13	13	65	2	-1
14	15	14	14	65	2	-1
15	16	15	15	65	2	-1
16	17	16	16	65	2	-1
17	18	17	17	65	2	-1
18	19	18	18	65	2	-1
19	20	19	19	65	2	-1
20	21	20	20	65	2	-1
21	22	21	21	65	2	-1
22	23	22	22	65	2	-1
23	24	23	23	65	2	-1
24	25	24	24	65	2	-1
25	26	25	25	65	2	-1
26	27	26	26	65	2	-1
27	28	27	27	65	2	-1
28	29	28	28	65	2	-1
29	30	29	29	65	2	-1
30	31	30	30	65	2	-1
31	32	31	31	65	2	-1
32	33	32	32	65	2	-1
33	34	33	33	65	2	-1
34	35	34	34	65	2	-1
35	36	35	35	65	2	-1
36	37	36	36	65	2	-1
37	38	37	37	65	2	-1
38	39	38	38	65	2	-1
39	40	39	39	65	2	-1
40	41	40	40	65	2	-1
41	42	41	41	65	2	-1
42	43	42	42	65	2	-1
43	44	43	43	65	2	-1
44	45	44	44	65	2	-1
45	46	45	45	65	2	-1
46	47	46	46	65	2	-1
47	48	47	47	65	2	-1
48	49	48	48	65	2	-1
49	50	49	49	65	2	-1
50	51	50	50	65	2	-1
51	52	51	51	65	2	-1
52	53	52	52	65	2	-1
53	54	53	53	65	2	-1
54	55	54	54	65	2	-1
55	56	55	55	65	2	-1
56	57	56	56	65	2	-1
57	58	57	57	65	2	-1
58	59	58	58	65	2	-1
59	60	59	59	65	2	-1
60	61	60	60	65	2	-1
61	62	61	61	65	2	-1
62	63	62	62	65	2	-1
63	64	63	63	65	2	-1
64	65	64	64	65	2	-1
0	1	0	0	66	2	-1
1	2	1	1	66	2	-1
2	3	2	2	66	2	-1
3	4	3	3	66	2	-1
4	5	4	4	66	2	-1
5	6	5	5	66	2	-1
6	7	6	6	66	2	-1
7	8	7	7	66	2	-1
8	9	8	8	66	2	-1
9	10	9	9	66	2	-1
10	11	10	10	66	2	-1
11	12	11	11	66	2	-1
12	13	12	12	66	2	-1
13	14	13	13	66	2	-1
14	15	14	14	66	2	-1
15	16	15	15	66	2	-1
16	17	16	16	66	2	-1
17	18	17	17	66	2	-1
18	19	18	18	66	2	-1
19	20	19	19	66	2	-1
20	21	20	20	66	2	-1
21	22	21	21	66	2	-1
22	23	22	22	66	2	-1
23	24	23	23	66	2	-1
24	25	24	24	66	2	-1
25	26	25	25	66	2	-1
26	27	26	26	66	2	-1
27	28	27	27	66	2	-1
28	29	28	28	66	2	-1
29	30	29	29	66	2	-1
30	31	30	30	66	2	-1
31	32	31	31	66	2	-1
32	33	32	32	66	2	-1
33	34	33	33	66	2	-1
34	35	34	34	66	2	-1
35	36	35	35	66	2	-1
36	37	36	36	66	2	-1
37	38	37	37	66	2	-1
38	39	38	38	66	2	-1
39	40	39	39	66	2	-1
40	41	40	40	66	2	-1
41	42	41	41	66	2	-1
42	43	42	42	66	2	-1
43	44	43	43	66	2	-1
44	45	44	44	66	2	-1
45	46	45	45	66	2	-1
46	47	46	46	66	2	-1
47	48	47	47	66	2	-1
48	49	48	48	66	2	-1
49	50	49	49	66	2	-1
50	51	50	50	66	2	-1
51	52	51	51	66	2	-1
52	53	52	52	66	2	-1
53	54	53	53	66	2	-1
54	55	54	54	66	2	-1
55	56	55	55	66	2	-1
56	57	56	56	66	2	-1
57	58	57	57	66	2	-1
58	59	58	58	66	2	-1
59	60	59	59	66	2	-1
60	61	60	60	66	2	-1
61	62	61	61	66	2	-1
62	63	62	62	66	2	-1
63	64	63	63	66	2	-1
64	65	64	64	66	2	-1
65	66	65	65	66	2	-1
0	1	0	0	67	2	-1
1	2	1	1	67	2	-1
2	3	2	2	67	2	-1
3	4	3	3	67	2	-1
4	5	4	4	67	2	-1
5	6	5	5	67	2	-1
6	7	6	6	67	2	-1
7	8	7	7	67	2	-1
8	9	8	8	67	2	-1
9	10	9	9	67	2	-1
10	11	10	10	67	2	-1
11	12	11	11	67	2	-1
12	13	12	12	67	2	-1
13	14	13	13	67	2	-1
14	15	14	14	67	2	-1
15	16	15	15	67	2	-1
16	17	16	16	67	2	-1
17	18	17	17	67	2	-1
18	19	18	18	67	2	-1
19	20	19	19	67	2	-1
20	21	20	20	67	2	-1
21	22	21	21	67	2	-1
22	23	22	22	67	2	-1
23	24	23	23	67	2	-1
24	25	24	24	67	2	-1
25	26	25	25	67	2	-1
26	27	26	26	67	2	-1
27	28	27	27	67	2	-1
28	29	28	28	67	2	-1
29	30	29	29	67	2	-1
30	31	30	30	67	2	-1
31	32	31	31	67	2	-1
32	33	32	32	67	2	-1
33	34	33	33	67	2	-1
34	35	34	34	67	2	-1
35	36	35	35	67	2	-1
36	37	36	36	67	2	-1
37	38	37	37	67	2	-1
38	39	38	38	67	2	-1
39	40	39	39	67	2	-1
40	41	40	40	67	2	-1
41	42	41	41	67	2	-1
42	43	42	42	67	2	-1
43	44	43	43	67	2	-1
44	45	44	44	67	2	-1
45	46	45	45	67	2	-1
46	47	46	46	67	2	-1
47	48	47	47	67	2	-1
48	49	48	48	67	2	-1
49	50	49	49	67	2	-1
50	51	50	50	67	2	-1
51	52	51	51	67	2	-1
52	53	52	52	67	2	-1
53	54	53	53	67	2	-1
54	55	54	54	67	2	-1
55	56	55	55	67	2	-1
56	57	56	56	67	2	-1
57	58	57	57	67	2	-1
58	59	58	58	67	2	-1
59	60	59	59	67	2	-1
60	61	60	60	67	2	-1
61	62	61	61	67	2	-1
62	63	62	62	67	2	-1
63	64	63	63	67	2	-1
64	65	64	64	67	2	-1
65	66	65	65	67	2	-1
66	67	66	66	67	2	-1
0	1	0	0	68	2	-1
1	2	1	1	68	2	-1
2	3	2	2	68	2	-1
3	4	3	3	68	2	-1
4	5	4	4	68	2	-1
5	6	5	5	68	2	-1
6	7	6	6	68	2	-1
7	8	7	7	68	2	-1
8	9	8	8	68	2	-1
9	10	9	9	68	2	-1
10	11	10	10	68	2	-1
11	12	11	11	68	2	-1
12	13	12	12	68	2	-1
13	14	13	13	68	2	-1
14	15	14	14	68	2	-1
15	16	15	15	68	2	-1
16	17	16	16	68	2	-1
17	18	17	17	68	2	-1
18	19	18	18	68	2	-1
19	20	19	19	68	2	-1
20	21	20	20	68	2	-1
21	22	21	21	68	2	-1
22	23	22	22	68	2	-1
23	24	23	23	68	2	-1
24	25	24	24	68	2	-1
25	26	25	25	68	2	-1
26	27	26	26	68	2	-1
27	28	27	27	68	2	-1
28	29	28	28	68	2	-1
29	30	29	29	68	2	-1
30	31	30	30	68	2	-1
31	32	31	31	68	2	-1
32	33	32	32	68	2	-1
33	34	33	33	68	2	-1
34	35	34	34	68	2	-1
35	36	35	35	68	2	-1
36	37	36	36	68	2	-1
37	38	37	37	68	2	-1
38	39	38	38	68	2	-1
39	40	39	39	68	2	-1
40	41	40	40	68	2	-1
41	42	41	41	68	2	-1
42	43	42	42	68	2	-1
43	44	43	43	68	2	-1
44	45	44	44	68	2	-1
45	46	45	45	68	2	-1
46	47	46	46	68	2	-1
47	48	47	47	68	2	-1
48	49	48	48	68	2	-1
49	50	49	49	68	2	-1
50	51	50	50	68	2	-1
51	52	51	51	68	2	-1
52	53	52	52	68	2	-1
53	54	53	53	68	2	-1
54	55	54	54	68	2	-1
55	56	55	55	68	2	-1
56	57	56	56	68	2	-1
57	58	57	57	68	2	-1
58	59	58	58	68	2	-1
59	60	59	59	68	2	-1
60	61	60	60	68	2	-1
61	62	61	61	68	2	-1
62	63	62	62	68	2	-1
63	64	63	63	68	2	-1
64	65	64	64	68	2	-1
65	66	65	65	68	2	-1
66	67	66	66	68	2	-1
67	68	67	67	68	2	-1
0	1	0	0	69	2	-1
1	2	1	1	69	2	-1
2	3	2	2	69	2	-1
3	4	3	3	69	2	-1
4	5	4	4	69	2	-1
5	6	5	5	69	2	-1
6	7	6	6	69	2	-1
7	8	7	7	69	2	-1
8	9	8	8	69	2	-1
9	10	9	9	69	2	-1
10	11	10	10	69	2	-1
11	12	11	11	69	2	-1
12	13	12	12	69	2	-1
13	14	13	13	69	2	-1
14	15	14	14	69	2	-1
15	16	15	15	69	2	-1
16	17	16	16	69	2	-1
17	18	17	17	69	2	-1
18	19	18	18	69	2	-1
19	20	19	19	69	2	-1
20	21	20	20	69	2	-1
21	22	21	21	69	2	-1
22	23	22	22	69	2	-1
23	24	23	23	69	2	-1
24	25	24	24	69	2	-1
25	26	25	25	69	2	-1
26	27	26	26	69	2	-1
27	28	27	27	69	2	-1
28	29	28	28	69	2	-1
29	30	29	29	69	2	-1
30	31	30	30	69	2	-1
31	32	31	31	69	2	-1
32	33	32	32	69	2	-1
33	34	33	33	69	2	-1
34	35	34	34	69	2	-1
35	36	35	35	69	2	-1
36	37	36	36	69	2	-1
37	38	37	37	69	2	-1
38	39	38	38	69	2	-1
39	40	39	39	69	2	-1
40	41	40	40	69	2	-1
41	42	41	41	69	2	-1
42	43	42	42	69	2	-1
43	44	43	43	69	2	-1
44	45	44	44	69	2	-1
45	46	45	45	69	2	-1
46	47	46	46	69	2	-1
47	48	47	47	69	2	-1
48	49	48	48	69	2	-1
49	50	49	49	69	2	-1
50	51	50	50	69	2	-1
51	52	51	51	69	2	-1
52	53	52	52	69	2	-1
53	54	53	53	69	2	-1
54	55	54	54	69	2	-1
55	56	55	55	69	2	-1
56	57	56	56	69	2	-1
57	58	57	57	69	2	-1
58	59	58	58	69	2	-1
59	60	59	59	69	2	-1
60	61	60	60	69	2	-1
61	62	61	61	69	2	-1
62	63	62	62	69	2	-1
63	64	63	63	69	2	-1
64	65	64	64	69	2	-1
65	66	65	65	69	2	-1
66	67	66	66	69	2	-1
67	68	67	67	69	2	-1
68	69	68	68	69	2	-1
0	1	0	0	70	2	-1
1	2	1	1	70	2	-1
2	3	2	2	70	2	-1
3	4	3	3	70	2	-1
4	5	4	4	70	2	-1
5	6	5	5	70	2	-1
6	7	6	6	70	2	-1
7	8	7	7	70	2	-1
8	9	8	8	70	2	-1
9	10	9	9	70	2	-1
10	11	10	10	70	2	-1
11	12	11	11	70	2	-1
12	13	12	12	70	2	-1
13	14	13	13	70	2	-1
14	15	14	14	70	2	-1
15	16	15	15	70	2	-1
16	17	16	16	70	2	-1
17	18	17	17	70	2	-1
18	19	18	18	70	2	-1
19	20	19	19	70	2	-1
20	21	20	20	70	2	-1
21	22	21	21	70	2	-1
22	23	22	22	70	2	-1
23	24	23	23	70	2	-1
24	25	24	24	70	2	-1
25	26	25	25	70	2	-1
26	27	26	26	70	2	-1
27	28	27	27	70	2	-1
28	29	28	28	70	2	-1
29	30	29	29	70	2	-1
30	31	30	30	70	2	-1
31	32	31	31	70	2	-1
32	33	32	32	70	2	-1
33	34	33	33	70	2	-1
34	35	34	34	70	2	-1
35	36	35	35	70	2	-1
36	37	36	36	70	2	-1
37	38	37	37	70	2	-1
38	39	38	38	70	2	-1
39	40	39	39	70	2	-1
40	41	40	40	70	2	-1
41	42	41	41	70	2	-1
42	43	42	42	70	2	-1
43	44	43	43	70	2	-1
44	45	44	44	70	2	-1
45	46	45	45	70	2	-1
46	47	46	46	70	2	-1
47	48	47	47	70	2	-1
48	49	48	48	70	2	-1
49	50	49	49	70	2	-1
50	51	50	50	70	2	-1
51	52	51	51	70	2	-1
52	53	52	52	70	2	-1
53	54	53	53	70	2	-1
54	55	54	54	70	2	-1
55	56	55	55	70	2	-1
56	57	56	56	70	2	-1
57	58	57	57	70	2	-1
58	59	58	58	70	2	-1
59	60	59	59	70	2	-1
60	61	60	60	70	2	-1
61	62	61	61	70	2	-1
62	63	62	62	70	2	-1
63	64	63	63	70	2	-1
64	65	64	64	70	2	-1
65	66	65	65	70	2	-1
66	67	66	66	70	2	-1
67	68	67	67	70	2	-1
68	69	68	68	70	2	-1
69	70	69	69	70	2	-1
0	1	0	0	71	2	-1
1	2	1	1	71	2	-1
2	3	2	2	71	2	-1
3	4	3	3	71	2	-1
4	5	4	4	71	2	-1
5	6	5	5	71	2	-1
6	7	6	6	71	2	-1
7	8	7	7	71	2	-1
8	9	8	8	71	2	-1
9	10	9	9	71	2	-1
10	11	10	10	71	2	-1
11	12	11	11	71	2	-1
12	13	12	12	71	2	-1
13	14	13	13	71	2	-1
14	15	14	14	71	2	-1
15	16	15	15	71	2	-1
16	17	16	16	71	2	-1
17	18	17	17	71	2	-1
18	19	18	18	71	2	-1
19	20	19	19	71	2	-1
20	21	20	20	71	2	-1
21	22	21	21	71	2	-1
22	23	22	22	71	2	-1
23	24	23	23	71	2	-1
24	25	24	24	71	2	-1
25	26	25	25	71	2	-1
26	27	26	26	71	2	-1
27	28	27	27	71	2	-1
28	29	28	28	71	2	-1
29	30	29	29	71	2	-1
30	31	30	30	71	2	-1
31	32	31	31	71	2	-1
32	33	32	32	71	2	-1
33	34	33	33	71	2	-1
34	35	34	34	71	2	-1
35	36	35	35	71	2	-1
36	37	36	36	71	2	-1
37	38	37	37	71	2	-1
38	39	38	38	71	2	-1
39	40	39	39	71	2	-1
40	41	40	40	71	2	-1
41	42	41	41	71	2	-1
42	43	42	42	71	2	-1
43	44	43	43	71	2	-1
44	45	44	44	71	2	-1
45	46	45	45	71	2	-1
46	47	46	46	71	2	-1
47	48	47	47	71	2	-1
48	49	48	48	71	2	-1
49	50	49	49	71	2	-1
50	51	50	50	71	2	-1
51	52	51	51	71	2	-1
52	53	52	52	71	2	-1
53	54	53	53	71	2	-1
54	55	54	54	71	2	-1
55	56	55	55	71	2	-1
56	57	56	56	71	2	-1
57	58	57	57	71	2	-1
58	59	58	58	71	2	-1
59	60	59	59	71	2	-1
60	61	60	60	71	2	-1
61	62	61	61	71	2	-1
62	63	62	62	71	2	-1
63	64	63	63	71	2	-1
64	65	64	64	71	2	-1
65	66	65	65	71	2	-1
66	67	66	66	71	2	-1
67	68	67	67	71	2	-1
68	69	68	68	71	2	-1
69	70	69	69	71	2	-1
70	71	70	70	71	2	-1
0	1	0	0	72	2	-1
1	2	1	1	72	2	-1
2	3	2	2	72	2	-1
3	4	3	3	72	2	-1
4	5	4	4	72	2	-1
5	6	5	5	72	2	-1
6	7	6	6	72	2	-1
7	8	7	7	72	2	-1
8	9	8	8	72	2	-1
9	10	9	9	72	2	-1
10	11	10	10	72	2	-1
11	12	11	11	72	2	-1
12	13	12	12	72	2	-1
13	14	13	13	72	2	-1
14	15	14	14	72	2	-1
15	16	15	15	72	2	-1
16	17	16	16	72	2	-1
17	18	17	17	72	2	-1
18	19	18	18	72	2	-1
19	20	19	19	72	2	-1
20	21	20	20	72	2	-1
21	22	21	21	72	2	-1
22	23	22	22	72	2	-1
23	24	23	23	72	2	-1
24	25	24	24	72	2	-1
25	26	25	25	72	2	-1
26	27	26	26	72	2	-1
27	28	27	27	72	2	-1
28	29	28	28	72	2	-1
29	30	29	29	72	2	-1
30	31	30	30	72	2	-1
31	32	31	31	72	2	-1
32	33	32	32	72	2	-1
33	34	33	33	72	2	-1
34	35	34	34	72	2	-1
35	36	35	35	72	2	-1
36	37	36	36	72	2	-1
37	38	37	37	72	2	-1
38	39	38	38	72	2	-1
39	40	39	39	72	2	-1
40	41	40	40	72	2	-1
41	42	41	41	72	2	-1
42	43	42	42	72	2	-1
43	44	43	43	72	2	-1
44	45	44	44	72	2	-1
45	46	45	45	72	2	-1
46	47	46	46	72	2	-1
47	48	47	47	72	2	-1
48	49	48	48	72	2	-1
49	50	49	49	72	2	-1
50	51	50	50	72	2	-1
51	52	51	51	72	2	-1
52	53	52	52	72	2	-1
53	54	53	53	72	2	-1
54	55	54	54	72	2	-1
55	56	55	55	72	2	-1
56	57	56	56	72	2	-1
57	58	57	57	72	2	-1
58	59	58	58	72	2	-1
59	60	59	59	72	2	-1
60	61	60	60	72	2	-1
61	62	61	61	72	2	-1
62	63	62	62	72	2	-1
63	64	63	63	72	2	-1
64	65	64	64	72	2	-1
65	66	65	65	72	2	-1
66	67	66	66	72	2	-1
67	68	67	67	72	2	-1
68	69	68	68	72	2	-1
69	70	69	69	72	2	-1
70	71	70	70	72	2	-1
71	72	71	71	72	2	-1
0	1	0	0	73	2	-1
1	2	1	1	73	2	-1
2	3	2	2	73	2	-1
3	4	3	3	73	2	-1
4	5	4	4	73	2	-1
5	6	5	5	73	2	-1
6	7	6	6	73	2	-1
7	8	7	7	73	2	-1
8	9	8	8	73	2	-1
9	10	9	9	73	2	-1
10	11	10	10	73	2	-1
11	12	11	11	73	2	-1
12	13	12	12	73	2	-1
13	14	13	13	73	2	-1
14	15	14	14	73	2	-1
15	16	15	15	73	2	-1
16	17	16	16	73	2	-1
17	18	17	17	73	2	-1
18	19	18	18	73	2	-1
19	20	19	19	73	2	-1
20	21	20	20	73	2	-1
21	22	21	21	73	2	-1
22	23	22	22	73	2	-1
23	24	23	23	73	2	-1
24	25	24	24	73	2	-1
25	26	25	25	73	2	-1
26	27	26	26	73	2	-1
27	28	27	27	73	2	-1
28	29	28	28	73	2	-1
29	30	29	29	73	2	-1
30	31	30	30	73	2	-1
31	32	31	31	73	2	-1
32	33	32	32	73	2	-1
33	34	33	33	73	2	-1
34	35	34	34	73	2	-1
35	36	35	35	73	2	-1
36	37	36	36	73	2	-1
37	38	37	37	73	2	-1
38	39	38	38	73	2	-1
39	40	39	39	73	2	-1
40	41	40	40	73	2	-1
41	42	41	41	73	2	-1
42	43	42	42	73	2	-1
43	44	43	43	73	2	-1
44	45	44	44	73	2	-1
45	46	45	45	73	2	-1
46	47	46	46	73	2	-1
47	48	47	47	73	2	-1
48	49	48	48	73	2	-1
49	50	49	49	73	2	-1
50	51	50	50	73	2	-1
51	52	51	51	73	2	-1
52	53	52	52	73	2	-1
53	54	53	53	73	2	-1
54	55	54	54	73	2	-1
55	56	55	55	73	2	-1
56	57	56	56	73	2	-1
57	58	57	57	73	2	-1
58	59	58	58	73	2	-1
59	60	59	59	73	2	-1
60	61	60	60	73	2	-1
61	62	61	61	73	2	-1
62	63	62	62	73	2	-1
63	64	63	63	73	2	-1
64	65	64	64	73	2	-1
65	66	65	65	73	2	-1
66	67	66	66	73	2	-1
67	68	67	67	73	2	-1
68	69	68	68	73	2	-1
69	70	69	69	73	2	-1
70	71	70	70	73	2	-1
71	72	71	71	73	2	-1
72	73	72	72	73	2	-1
0	1	0	0	74	2	-1
1	2	1	1	74	2	-1
2	3	2	2	74	2	-1
3	4	3	3	74	2	-1
4	5	4	4	74	2	-1
5	6	5	5	74	2	-1
6	7	6	6	74	2	-1
7	8	7	7	74	2	-1
8	9	8	8	74	2	-1
9	10	9	9	74	2	-1
10	11	10	10	74	2	-1
11	12	11	11	74	2	-1
12	13	12	12	74	2	-1
13	14	13	13	74	2	-1
14	15	14	14	74	2	-1
15	16	15	15	74	2	-1
16	17	16	16	74	2	-1
17	18	17	17	74	2	-1
18	19	18	18	74	2	-1
19	20	19	19	74	2	-1
20	21	20	20	74	2	-1
21	22	21	21	74	2	-1
22	23	22	22	74	2	-1
23	24	23	23	74	2	-1
24	25	24	24	74	2	-1
25	26	25	25	74	2	-1
26	27	26	26	74	2	-1
27	28	27	27	74	2	-1
28	29	28	28	74	2	-1
29	30	29	29	74	2	-1
30	31	30	30	74	2	-1
31	32	31	31	74	2	-1
32	33	32	32	74	2	-1
33	34	33	33	74	2	-1
34	35	34	34	74	2	-1
35	36	35	35	74	2	-1
36	37	36	36	74	2	-1
37	38	37	37	74	2	-1
38	39	38	38	74	2	-1
39	40	39	39	74	2	-1
40	41	40	40	74	2	-1
41	42	41	41	74	2	-1
42	43	42	42	74	2	-1
43	44	43	43	74	2	-1
44	45	44	44	74	2	-1
45	46	45	45	74	2	-1
46	47	46	46	74	2	-1
47	48	47	47	74	2	-1
48	49	48	48	74	2	-1
49	50	49	49	74	2	-1
50	51	50	50	74	2	-1
51	52	51	51	74	2	-1
52	53	52	52	74	2	-1
53	54	53	53	74	2	-1
54	55	54	54	74	2	-1
55	56	55	55	74	2	-1
56	57	56	56	74	2	-1
57	58	57	57	74	2	-1
58	59	58	58	74	2	-1
59	60	59	59	74	2	-1
60	61	60	60	74	2	-1
61	62	61	61	74	2	-1
62	63	62	62	74	2	-1
63	64	63	63	74	2	-1
64	65	64	64	74	2	-1
65	66	65	65	74	2	-1
66	67	66	66	74	2	-1
67	68	67	67	74	2	-1
68	69	68	68	74	2	-1
69	70	69	69	74	2	-1
70	71	70	70	74	2	-1
71	72	71	71	74	2	-1
72	73	72	72	74	2	-1
73	74	73	73	74	2	-1
0	1	0	0	75	2	-1
1	2	1	1	75	2	-1
2	3	2	2	75	2	-1
3	4	3	3	75	2	-1
4	5	4	4	75	2	-1
5	6	5	5	75	2	-1
6	7	6	6	75	2	-1
7	8	7	7	75	2	-1
8	9	8	8	75	2	-1
9	10	9	9	75	2	-1
10	11	10	10	75	2	-1
11	12	11	11	75	2	-1
12	13	12	12	75	2	-1
13	14	13	13	75	2	-1
14	15	14	14	75	2	-1
15	16	15	15	75	2	-1
16	17	16	16	75	2	-1
17	18	17	17	75	2	-1
18	19	18	18	75	2	-1
19	20	19	19	75	2	-1
20	21	20	20	75	2	-1
21	22	21	21	75	2	-1
22	23	22	22	75	2	-1
23	24	23	23	75	2	-1
24	25	24	24	75	2	-1
25	26	25	25	75	2	-1
26	27	26	26	75	2	-1
27	28	27	27	75	2	-1
28	29	28	28	75	2	-1
29	30	29	29	75	2	-1
30	31	30	30	75	2	-1
31	32	31	31	75	2	-1
32	33	32	32	75	2	-1
33	34	33	33	75	2	-1
34	35	34	34	75	2	-1
35	36	35	35	75	2	-1
36	37	36	36	75	2	-1
37	38	37	37	75	2	-1
38	39	38	38	75	2	-1
39	40	39	39	75	2	-1
40	41	40	40	75	2	-1
41	42	41	41	75	2	-1
42	43	42	42	75	2	-1
43	44	43	43	75	2	-1
44	45	44	44	75	2	-1
45	46	45	45	75	2	-1
46	47	46	46	75	2	-1
47	48	47	47	75	2	-1
48	49	48	48	75	2	-1
49	50	49	49	75	2	-1
50	51	50	50	75	2	-1
51	52	51	51	75	2	-1
52	53	52	52	75	2	-1
53	54	53	53	75	2	-1
54	55	54	54	75	2	-1
55	56	55	55	75	2	-1
56	57	56	56	75	2	-1
57	58	57	57	75	2	-1
58	59	58	58	75	2	-1
59	60	59	59	75	2	-1
60	61	60	60	75	2	-1
61	62	61	61	75	2	-1
62	63	62	62	75	2	-1
63	64	63	63	75	2	-1
64	65	64	64	75	2	-1
65	66	65	65	75	2	-1
66	67	66	66	75	2	-1
67	68	67	67	75	2	-1
68	69	68	68	75	2	-1
69	70	69	69	75	2	-1
70	71	70	70	75	2	-1
71	72	71	71	75	2	-1
72	73	72	72	75	2	-1
73	74	73	73	75	2	-1
74	75	74	74	75	2	-1
0	1	0	0	76	2	-1
1	2	1	1	76	2	-1
2	3	2	2	76	2	-1
3	4	3	3	76	2	-1
4	5	4	4	76	2	-1
5	6	5	5	76	2	-1
6	7	6	6	76	2	-1
7	8	7	7	76	2	-1
8	9	8	8	76	2	-1
9	10	9	9	76	2	-1
10	11	10	10	76	2	-1
11	12	11	11	76	2	-1
12	13	12	12	76	2	-1
13	14	13	13	76	2	-1
14	15	14	14	76	2	-1
15	16	15	15	76	2	-1
16	17	16	16	76	2	-1
17	18	17	17	76	2	-1
18	19	18	18	76	2	-1
19	20	19	19	76	2	-1
20	21	20	20	76	2	-1
21	22	21	21	76	2	-1
22	23	22	22	76	2	-1
23	24	23	23	76	2	-1
24	25	24	24	76	2	-1
25	26	25	25	76	2	-1
26	27	26	26	76	2	-1
27	28	27	27	76	2	-1
28	29	28	28	76	2	-1
29	30	29	29	76	2	-1
30	31	30	30	76	2	-1
31	32	31	31	76	2	-1
32	33	32	32	76	2	-1
33	34	33	33	76	2	-1
34	35	34	34	76	2	-1
35	36	35	35	76	2	-1
36	37	36	36	76	2	-1
37	38	37	37	76	2	-1
38	39	38	38	76	2	-1
39	40	39	39	76	2	-1
40	41	40	40	76	2	-1
41	42	41	41	76	2	-1
42	43	42	42	76	2	-1
43	44	43	43	76	2	-1
44	45	44	44	76	2	-1
45	46	45	45	76	2	-1
46	47	46	46	76	2	-1
47	48	47	47	76	2	-1
48	49	48	48	76	2	-1
49	50	49	49	76	2	-1
50	51	50	50	76	2	-1
51	52	51	51	76	2	-1
52	53	52	52	76	2	-1
53	54	53	53	76	2	-1
54	55	54	54	76	2	-1
55	56	55	55	76	2	-1
56	57	56	56	76	2	-1
57	58	57	57	76	2	-1
58	59	58	58	76	2	-1
59	60	59	59	76	2	-1
60	61	60	60	76	2	-1
61	62	61	61	76	2	-1
62	63	62	62	76	2	-1
63	64	63	63	76	2	-1
64	65	64	64	76	2	-1
65	66	65	65	76	2	-1
66	67	66	66	76	2	-1
67	68	67	67	76	2	-1
68	69	68	68	76	2	-1
69	70	69	69	76	2	-1
70	71	70	70	76	2	-1
71	72	71	71	76	2	-1
72	73	72	72	76	2	-1
73	74	73	73	76	2	-1
74	75	74	74	76	2	-1
75	76	75	75	76	2	-1
0	1	0	0	77	2	-1
1	2	1	1	77	2	-1
2	3	2	2	77	2	-1
3	4	3	3	77	2	-1
4	5	4	4	77	2	-1
5	6	5	5	77	2	-1
6	7	6	6	77	2	-1
7	8	7	7	77	2	-1
8	9	8	8	77	2	-1
9	10	9	9	77	2	-1
10	11	10	10	77	2	-1
11	12	11	11	77	2	-1
12	13	12	12	77	2	-1
13	14	13	13	77	2	-1
14	15	14	14	77	2	-1
15	16	15	15	77	2	-1
16	17	16	16	77	2	-1
17	18	17	17	77	2	-1
18	19	18	18	77	2	-1
19	20	19	19	77	2	-1
20	21	20	20	77	2	-1
21	22	21	21	77	2	-1
22	23	22	22	77	2	-1
23	24	23	23	77	2	-1
24	25	24	24	77	2	-1
25	26	25	25	77	2	-1
26	27	26	26	77	2	-1
27	28	27	27	77	2	-1
28	29	28	28	77	2	-1
29	30	29	29	77	2	-1
30	31	30	30	77	2	-1
31	32	31	31	77	2	-1
32	33	32	32	77	2	-1
33	34	33	33	77	2	-1
34	35	34	34	77	2	-1
35	36	35	35	77	2	-1
36	37	36	36	77	2	-1
37	38	37	37	77	2	-1
38	39	38	38	77	2	-1
39	40	39	39	77	2	-1
40	41	40	40	77	2	-1
41	42	41	41	77	2	-1
42	43	42	42	77	2	-1
43	44	43	43	77	2	-1
44	45	44	44	77	2	-1
45	46	45	45	77	2	-1
46	47	46	46	77	2	-1
47	48	47	47	77	2	-1
48	49	48	48	77	2	-1
49	50	49	49	77	2	-1
50	51	50	50	77	2	-1
51	52	51	51	77	2	-1
52	53	52	52	77	2	-1
53	54	53	53	77	2	-1
54	55	54	54	77	2	-1
55	56	55	55	77	2	-1
56	57	56	56	77	2	-1
57	58	57	57	77	2	-1
58	59	58	58	77	2	-1
59	60	59	59	77	2	-1
60	61	60	60	77	2	-1
61	62	61	61	77	2	-1
62	63	62	62	77	2	-1
63	64	63	63	77	2	-1
64	65	64	64	77	2	-1
65	66	65	65	77	2	-1
66	67	66	66	77	2	-1
67	68	67	67	77	2	-1
68	69	68	68	77	2	-1
69	70	69	69	77	2	-1
70	71	70	70	77	2	-1
71	72	71	71	77	2	-1
72	73	72	72	77	2	-1
73	74	73	73	77	2	-1
74	75	74	74	77	2	-1
75	76	75	75	77	2	-1
76	77	76	76	77	2	-1
0	1	0	0	78	2	-1
1	2	1	1	78	2	-1
2	3	2	2	78	2	-1
3	4	3	3	78	2	-1
4	5	4	4	78	2	-1
5	6	5	5	78	2	-1
6	7	6	6	78	2	-1
7	8	7	7	78	2	-1
8	9	8	8	78	2	-1
9	10	9	9	78	2	-1
10	11	10	10	78	2	-1
11	12	11	11	78	2	-1
12	13	12	12	78	2	-1
13	14	13	13	78	2	-1
14	15	14	14	78	2	-1
15	16	15	15	78	2	-1
16	17	16	16	78	2	-1
17	18	17	17	78	2	-1
18	19	18	18	78	2	-1
19	20	19	19	78	2	-1
20	21	20	20	78	2	-1
21	22	21	21	78	2	-1
22	23	22	22	78	2	-1
23	24	23	23	78	2	-1
24	25	24	24	78	2	-1
25	26	25	25	78	2	-1
26	27	26	26	78	2	-1
27	28	27	27	78	2	-1
28	29	28	28	78	2	-1
29	30	29	29	78	2	-1
30	31	30	30	78	2	-1
31	32	31	31	78	2	-1
32	33	32	32	78	2	-1
33	34	33	33	78	2	-1
34	35	34	34	78	2	-1
35	36	35	35	78	2	-1
36	37	36	36	78	2	-1
37	38	37	37	78	2	-1
38	39	38	38	78	2	-1
39	40	39	39	78	2	-1
40	41	40	40	78	2	-1
41	42	41	41	78	2	-1
42	43	42	42	78	2	-1
43	44	43	43	78	2	-1
44	45	44	44	78	2	-1
45	46	45	45	78	2	-1
46	47	46	46	78	2	-1
47	48	47	47	78	2	-1
48	49	48	48	78	2	-1
49	50	49	49	78	2	-1
50	51	50	50	78	2	-1
51	52	51	51	78	2	-1
52	53	52	52	78	2	-1
53	54	53	53	78	2	-1
54	55	54	54	78	2	-1
55	56	55	55	78	2	-1
56	57	56	56	78	2	-1
57	58	57	57	78	2	-1
58	59	58	58	78	2	-1
59	60	59	59	78	2	-1
60	61	60	60	78	2	-1
61	62	61	61	78	2	-1
62	63	62	62	78	2	-1
63	64	63	63	78	2	-1
64	65	64	64	78	2	-1
65	66	65	65	78	2	-1
66	67	66	66	78	2	-1
67	68	67	67	78	2	-1
68	69	68	68	78	2	-1
69	70	69	69	78	2	-1
70	71	70	70	78	2	-1
71	72	71	71	78	2	-1
72	73	72	72	78	2	-1
73	74	73	73	78	2	-1
74	75	74	74	78	2	-1
75	76	75	75	78	2	-1
76	77	76	76	78	2	-1
77	78	77	77	78	2	-1
0	1	0	0	79	2	-1
1	2	1	1	79	2	-1
2	3	2	2	79	2	-1
3	4	3	3	79	2	-1
4	5	4	4	79	2	-1
5	6	5	5	79	2	-1
6	7	6	6	79	2	-1
7	8	7	7	79	2	-1
8	9	8	8	79	2	-1
9	10	9	9	79	2	-1
10	11	10	10	79	2	-1
11	12	11	11	79	2	-1
12	13	12	12	79	2	-1
13	14	13	13	79	2	-1
14	15	14	14	79	2	-1
15	16	15	15	79	2	-1
16	17	16	16	79	2	-1
17	18	17	17	79	2	-1
18	19	18	18	79	2	-1
19	20	19	19	79	2	-1
20	21	20	20	79	2	-1
21	22	21	21	79	2	-1
22	23	22	22	79	2	-1
23	24	23	23	79	2	-1
24	25	24	24	79	2	-1
25	26	25	25	79	2	-1
26	27	26	26	79	2	-1
27	28	27	27	79	2	-1
28	29	28	28	79	2	-1
29	30	29	29	79	2	-1
30	31	30	30	79	2	-1
31	32	31	31	79	2	-1
32	33	32	32	79	2	-1
33	34	33	33	79	2	-1
34	35	34	34	79	2	-1
35	36	35	35	79	2	-1
36	37	36	36	79	2	-1
37	38	37	37	79	2	-1
38	39	38	38	79	2	-1
39	40	39	39	79	2	-1
40	41	40	40	79	2	-1
41	42	41	41	79	2	-1
42	43	42	42	79	2	-1
43	44	43	43	79	2	-1
44	45	44	44	79	2	-1
45	46	45	45	79	2	-1
46	47	46	46	79	2	-1
47	48	47	47	79	2	-1
48	49	48	48	79	2	-1
49	50	49	49	79	2	-1
50	51	50	50	79	2	-1
51	52	51	51	79	2	-1
52	53	52	52	79	2	-1
53	54	53	53	79	2	-1
54	55	54	54	79	2	-1
55	56	55	55	79	2	-1
56	57	56	56	79	2	-1
57	58	57	57	79	2	-1
58	59	58	58	79	2	-1
59	60	59	59	79	2	-1
60	61	60	60	79	2	-1
61	62	61	61	79	2	-1
62	63	62	62	79	2	-1
63	64	63	63	79	2	-1
64	65	64	64	79	2	-1
65	66	65	65	79	2	-1
66	67	66	66	79	2	-1
67	68	67	67	79	2	-1
68	69	68	68	79	2	-1
69	70	69	69	79	2	-1
70	71	70	70	79	2	-1
71	72	71	71	79	2	-1
72	73	72	72	79	2	-1
73	74	73	73	79	2	-1
74	75	74	74	79	2	-1
75	76	75	75	79	2	-1
76	77	76	76	79	2	-1
77	78	77	77	79	2	-1
78	79	78	78	79	2	-1
0	1	0	0	80	2	-1
1	2	1	1	80	2	-1
2	3	2	2	80	2	-1
3	4	3	3	80	2	-1
4	5	4	4	80	2	-1
5	6	5	5	80	2	-1
6	7	6	6	80	2	-1
7	8	7	7	80	2	-1
8	9	8	8	80	2	-1
9	10	9	9	80	2	-1
10	11	10	10	80	2	-1
11	12	11	11	80	2	-1
12	13	12	12	80	2	-1
13	14	13	13	80	2	-1
14	15	14	14	80	2	-1
15	16	15	15	80	2	-1
16	17	16	16	80	2	-1
17	18	17	17	80	2	-1
18	19	18	18	80	2	-1
19	20	19	19	80	2	-1
20	21	20	20	80	2	-1
21	22	21	21	80	2	-1
22	23	22	22	80	2	-1
23	24	23	23	80	2	-1
24	25	24	24	80	2	-1
25	26	25	25	80	2	-1
26	27	26	26	80	2	-1
27	28	27	27	80	2	-1
28	29	28	28	80	2	-1
29	30	29	29	80	2	-1
30	31	30	30	80	2	-1
31	32	31	31	80	2	-1
32	33	32	32	80	2	-1
33	34	33	33	80	2	-1
34	35	34	34	80	2	-1
35	36	35	35	80	2	-1
36	37	36	36	80	2	-1
37	38	37	37	80	2	-1
38	39	38	38	80	2	-1
39	40	39	39	80	2	-1
40	41	40	40	80	2	-1
41	42	41	41	80	2	-1
42	43	42	42	80	2	-1
43	44	43	43	80	2	-1
44	45	44	44	80	2	-1
45	46	45	45	80	2	-1
46	47	46	46	80	2	-1
47	48	47	47	80	2	-1
48	49	48	48	80	2	-1
49	50	49	49	80	2	-1
50	51	50	50	80	2	-1
51	52	51	51	80	2	-1
52	53	52	52	80	2	-1
53	54	53	53	80	2	-1
54	55	54	54	80	2	-1
55	56	55	55	80	2	-1
56	57	56	56	80	2	-1
57	58	57	57	80	2	-1
58	59	58	58	80	2	-1
59	60	59	59	80	2	-1
60	61	60	60	80	2	-1
61	62	61	61	80	2	-1
62	63	62	62	80	2	-1
63	64	63	63	80	2	-1
64	65	64	64	80	2	-1
65	66	65	65	80	2	-1
66	67	66	66	80	2	-1
67	68	67	67	80	2	-1
68	69	68	68	80	2	-1
69	70	69	69	80	2	-1
70	71	70	70	80	2	-1
71	72	71	71	80	2	-1
72	73	72	72	80	2	-1
73	74	73	73	80	2	-1
74	75	74	74	80	2	-1
75	76	75	75	80	2	-1
76	77	76	76	80	2	-1
77	78	77	77	80	2	-1
78	79	78	78	80	2	-1
79	80	79	79	80	2	-1
0	1	0	0	81	2	-1
1	2	1	1	81	2	-1
2	3	2	2	81	2	-1
3	4	3	3	81	2	-1
4	5	4	4	81	2	-1
5	6	5	5	81	2	-1
6	7	6	6	81	2	-1
7	8	7	7	81	2	-1
8	9	8	8	81	2	-1
9	10	9	9	81	2	-1
10	11	10	10	81	2	-1
11	12	11	11	81	2	-1
12	13	12	12	81	2	-1
13	14	13	13	81	2	-1
14	15	14	14	81	2	-1
15	16	15	15	81	2	-1
16	17	16	16	81	2	-1
17	18	17	17	81	2	-1
18	19	18	18	81	2	-1
19	20	19	19	81	2	-1
20	21	20	20	81	2	-1
21	22	21	21	81	2	-1
22	23	22	22	81	2	-1
23	24	23	23	81	2	-1
24	25	24	24	81	2	-1
25	26	25	25	81	2	-1
26	27	26	26	81	2	-1
27	28	27	27	81	2	-1
28	29	28	28	81	2	-1
29	30	29	29	81	2	-1
30	31	30	30	81	2	-1
31	32	31	31	81	2	-1
32	33	32	32	81	2	-1
33	34	33	33	81	2	-1
34	35	34	34	81	2	-1
35	36	35	35	81	2	-1
36	37	36	36	81	2	-1
37	38	37	37	81	2	-1
38	39	38	38	81	2	-1
39	40	39	39	81	2	-1
40	41	40	40	81	2	-1
41	42	41	41	81	2	-1
42	43	42	42	81	2	-1
43	44	43	43	81	2	-1
44	45	44	44	81	2	-1
45	46	45	45	81	2	-1
46	47	46	46	81	2	-1
47	48	47	47	81	2	-1
48	49	48	48	81	2	-1
49	50	49	49	81	2	-1
50	51	50	50	81	2	-1
51	52	51	51	81	2	-1
52	53	52	52	81	2	-1
53	54	53	53	81	2	-1
54	55	54	54	81	2	-1
55	56	55	55	81	2	-1
56	57	56	56	81	2	-1
57	58	57	57	81	2	-1
58	59	58	58	81	2	-1
59	60	59	59	81	2	-1
60	61	60	60	81	2	-1
61	62	61	61	81	2	-1
62	63	62	62	81	2	-1
63	64	63	63	81	2	-1
64	65	64	64	81	2	-1
65	66	65	65	81	2	-1
66	67	66	66	81	2	-1
67	68	67	67	81	2	-1
68	69	68	68	81	2	-1
69	70	69	69	81	2	-1
70	71	70	70	81	2	-1
71	72	71	71	81	2	-1
72	73	72	72	81	2	-1
73	74	73	73	81	2	-1
74	75	74	74	81	2	-1
75	76	75	75	81	2	-1
76	77	76	76	81	2	-1
77	78	77	77	81	2	-1
78	79	78	78	81	2	-1
79	80	79	79	81	2	-1
80	81	80	80	81	2	-1
0	1	0	0	82	2	-1
1	2	1	1	82	2	-1
2	3	2	2	82	2	-1
3	4	3	3	82	2	-1
4	5	4	4	82	2	-1
5	6	5	5	82	2	-1
6	7	6	6	82	2	-1
7	8	7	7	82	2	-1
8	9	8	8	82	2	-1
9	10	9	9	82	2	-1
10	11	10	10	82	2	-1
11	12	11	11	82	2	-1
12	13	12	12	82	2	-1
13	14	13	13	82	2	-1
14	15	14	14	82	2	-1
15	16	15	15	82	2	-1
16	17	16	16	82	2	-1
17	18	17	17	82	2	-1
18	19	18	18	82	2	-1
19	20	19	19	82	2	-1
20	21	20	20	82	2	-1
21	22	21	21	82	2	-1
22	23	22	22	82	2	-1
23	24	23	23	82	2	-1
24	25	24	24	82	2	-1
25	26	25	25	82	2	-1
26	27	26	26	82	2	-1
27	28	27	27	82	2	-1
28	29	28	28	82	2	-1
29	30	29	29	82	2	-1
30	31	30	30	82	2	-1
31	32	31	31	82	2	-1
32	33	32	32	82	2	-1
33	34	33	33	82	2	-1
34	35	34	34	82	2	-1
35	36	35	35	82	2	-1
36	37	36	36	82	2	-1
37	38	37	37	82	2	-1
38	39	38	38	82	2	-1
39	40	39	39	82	2	-1
40	41	40	40	82	2	-1
41	42	41	41	82	2	-1
42	43	42	42	82	2	-1
43	44	43	43	82	2	-1
44	45	44	44	82	2	-1
45	46	45	45	82	2	-1
46	47	46	46	82	2	-1
47	48	47	47	82	2	-1
48	49	48	48	82	2	-1
49	50	49	49	82	2	-1
50	51	50	50	82	2	-1
51	52	51	51	82	2	-1
52	53	52	52	82	2	-1
53	54	53	53	82	2	-1
54	55	54	54	82	2	-1
55	56	55	55	82	2	-1
56	57	56	56	82	2	-1
57	58	57	57	82	2	-1
58	59	58	58	82	2	-1
59	60	59	59	82	2	-1
60	61	60	60	82	2	-1
61	62	61	61	82	2	-1
62	63	62	62	82	2	-1
63	64	63	63	82	2	-1
64	65	64	64	82	2	-1
65	66	65	65	82	2	-1
66	67	66	66	82	2	-1
67	68	67	67	82	2	-1
68	69	68	68	82	2	-1
69	70	69	69	82	2	-1
70	71	70	70	82	2	-1
71	72	71	71	82	2	-1
72	73	72	72	82	2	-1
73	74	73	73	82	2	-1
74	75	74	74	82	2	-1
75	76	75	75	82	2	-1
76	77	76	76	82	2	-1
77	78	77	77	82	2	-1
78	79	78	78	82	2	-1
79	80	79	79	82	2	-1
80	81	80	80	82	2	-1
81	82	81	81	82	2	-1
0	1	0	0	83	2	-1
1	2	1	1	83	2	-1
2	3	2	2	83	2	-1
3	4	3	3	83	2	-1
4	5	4	4	83	2	-1
5	6	5	5	83	2	-1
6	7	6	6	83	2	-1
7	8	7	7	83	2	-1
8	9	8	8	83	2	-1
9	10	9	9	83	2	-1
10	11	10	10	83	2	-1
11	12	11	11	83	2	-1
12	13	12	12	83	2	-1
13	14	13	13	83	2	-1
14	15	14	14	83	2	-1
15	16	15	15	83	2	-1
16	17	16	16	83	2	-1
17	18	17	17	83	2	-1
18	19	18	18	83	2	-1
19	20	19	19	83	2	-1
20	21	20	20	83	2	-1
21	22	21	21	83	2	-1
22	23	22	22	83	2	-1
23	24	23	23	83	2	-1
24	25	24	24	83	2	-1
25	26	25	25	83	2	-1
26	27	26	26	83	2	-1
27	28	27	27	83	2	-1
28	29	28	28	83	2	-1
29	30	29	29	83	2	-1
30	31	30	30	83	2	-1
31	32	31	31	83	2	-1
32	33	32	32	83	2	-1
33	34	33	33	83	2	-1
34	35	34	34	83	2	-1
35	36	35	35	83	2	-1
36	37	36	36	83	2	-1
37	38	37	37	83	2	-1
38	39	38	38	83	2	-1
39	40	39	39	83	2	-1
40	41	40	40	83	2	-1
41	42	41	41	83	2	-1
42	43	42	42	83	2	-1
43	44	43	43	83	2	-1
44	45	44	44	83	2	-1
45	46	45	45	83	2	-1
46	47	46	46	83	2	-1
47	48	47	47	83	2	-1
48	49	48	48	83	2	-1
49	50	49	49	83	2	-1
50	51	50	50	83	2	-1
51	52	51	51	83	2	-1
52	53	52	52	83	2	-1
53	54	53	53	83	2	-1
54	55	54	54	83	2	-1
55	56	55	55	83	2	-1
56	57	56	56	83	2	-1
57	58	57	57	83	2	-1
58	59	58	58	83	2	-1
59	60	59	59	83	2	-1
60	61	60	60	83	2	-1
61	62	61	61	83	2	-1
62	63	62	62	83	2	-1
63	64	63	63	83	2	-1
64	65	64	64	83	2	-1
65	66	65	65	83	2	-1
66	67	66	66	83	2	-1
67	68	67	67	83	2	-1
68	69	68	68	83	2	-1
69	70	69	69	83	2	-1
70	71	70	70	83	2	-1
71	72	71	71	83	2	-1
72	73	72	72	83	2	-1
73	74	73	73	83	2	-1
74	75	74	74	83	2	-1
75	76	75	75	83	2	-1
76	77	76	76	83	2	-1
77	78	77	77	83	2	-1
78	79	78	78	83	2	-1
79	80	79	79	83	2	-1
80	81	80	80	83	2	-1
81	82	81	81	83	2	-1
82	83	82	82	83	2	-1
0	1	0	0	84	2	-1
1	2	1	1	84	2	-1
2	3	2	2	84	2	-1
3	4	3	3	84	2	-1
4	5	4	4	84	2	-1
5	6	5	5	84	2	-1
6	7	6	6	84	2	-1
7	8	7	7	84	2	-1
8	9	8	8	84	2	-1
9	10	9	9	84	2	-1
10	11	10	10	84	2	-1
11	12	11	11	84	2	-1
12	13	12	12	84	2	-1
13	14	13	13	84	2	-1
14	15	14	14	84	2	-1
15	16	15	15	84	2	-1
16	17	16	16	84	2	-1
17	18	17	17	84	2	-1
18	19	18	18	84	2	-1
19	20	19	19	84	2	-1
20	21	20	20	84	2	-1
21	22	21	21	84	2	-1
22	23	22	22	84	2	-1
23	24	23	23	84	2	-1
24	25	24	24	84	2	-1
25	26	25	25	84	2	-1
26	27	26	26	84	2	-1
27	28	27	27	84	2	-1
28	29	28	28	84	2	-1
29	30	29	29	84	2	-1
30	31	30	30	84	2	-1
31	32	31	31	84	2	-1
32	33	32	32	84	2	-1
33	34	33	33	84	2	-1
34	35	34	34	84	2	-1
35	36	35	35	84	2	-1
36	37	36	36	84	2	-1
37	38	37	37	84	2	-1
38	39	38	38	84	2	-1
39	40	39	39	84	2	-1
40	41	40	40	84	2	-1
41	42	41	41	84	2	-1
42	43	42	42	84	2	-1
43	44	43	43	84	2	-1
44	45	44	44	84	2	-1
45	46	45	45	84	2	-1
46	47	46	46	84	2	-1
47	48	47	47	84	2	-1
48	49	48	48	84	2	-1
49	50	49	49	84	2	-1
50	51	50	50	84	2	-1
51	52	51	51	84	2	-1
52	53	52	52	84	2	-1
53	54	53	53	84	2	-1
54	55	54	54	84	2	-1
55	56	55	55	84	2	-1
56	57	56	56	84	2	-1
57	58	57	57	84	2	-1
58	59	58	58	84	2	-1
59	60	59	59	84	2	-1
60	61	60	60	84	2	-1
61	62	61	61	84	2	-1
62	63	62	62	84	2	-1
63	64	63	63	84	2	-1
64	65	64	64	84	2	-1
65	66	65	65	84	2	-1
66	67	66	66	84	2	-1
67	68	67	67	84	2	-1
68	69	68	68	84	2	-1
69	70	69	69	84	2	-1
70	71	70	70	84	2	-1
71	72	71	71	84	2	-1
72	73	72	72	84	2	-1
73	74	73	73	84	2	-1
74	75	74	74	84	2	-1
75	76	75	75	84	2	-1
76	77	76	76	84	2	-1
77	78	77	77	84	2	-1
78	79	78	78	84	2	-1
79	80	79	79	84	2	-1
80	81	80	80	84	2	-1
81	82	81	81	84	2	-1
82	83	82	82	84	2	-1
83	84	83	83	84	2	-1
0	1	0	0	85	2	-1
1	2	1	1	85	2	-1
2	3	2	2	85	2	-1
3	4	3	3	85	2	-1
4	5	4	4	85	2	-1
5	6	5	5	85	2	-1
6	7	6	6	85	2	-1
7	8	7	7	85	2	-1
8	9	8	8	85	2	-1
9	10	9	9	85	2	-1
10	11	10	10	85	2	-1
11	12	11	11	85	2	-1
12	13	12	12	85	2	-1
13	14	13	13	85	2	-1
14	15	14	14	85	2	-1
15	16	15	15	85	2	-1
16	17	16	16	85	2	-1
17	18	17	17	85	2	-1
18	19	18	18	85	2	-1
19	20	19	19	85	2	-1
20	21	20	20	85	2	-1
21	22	21	21	85	2	-1
22	23	22	22	85	2	-1
23	24	23	23	85	2	-1
24	25	24	24	85	2	-1
25	26	25	25	85	2	-1
26	27	26	26	85	2	-1
27	28	27	27	85	2	-1
28	29	28	28	85	2	-1
29	30	29	29	85	2	-1
30	31	30	30	85	2	-1
31	32	31	31	85	2	-1
32	33	32	32	85	2	-1
33	34	33	33	85	2	-1
34	35	34	34	85	2	-1
35	36	35	35	85	2	-1
36	37	36	36	85	2	-1
37	38	37	37	85	2	-1
38	39	38	38	85	2	-1
39	40	39	39	85	2	-1
40	41	40	40	85	2	-1
41	42	41	41	85	2	-1
42	43	42	42	85	2	-1
43	44	43	43	85	2	-1
44	45	44	44	85	2	-1
45	46	45	45	85	2	-1
46	47	46	46	85	2	-1
47	48	47	47	85	2	-1
48	49	48	48	85	2	-1
49	50	49	49	85	2	-1
50	51	50	50	85	2	-1
51	52	51	51	85	2	-1
52	53	52	52	85	2	-1
53	54	53	53	85	2	-1
54	55	54	54	85	2	-1
55	56	55	55	85	2	-1
56	57	56	56	85	2	-1
57	58	57	57	85	2	-1
58	59	58	58	85	2	-1
59	60	59	59	85	2	-1
60	61	60	60	85	2	-1
61	62	61	61	85	2	-1
62	63	62	62	85	2	-1
63	64	63	63	85	2	-1
64	65	64	64	85	2	-1
65	66	65	65	85	2	-1
66	67	66	66	85	2	-1
67	68	67	67	85	2	-1
68	69	68	68	85	2	-1
69	70	69	69	85	2	-1
70	71	70	70	85	2	-1
71	72	71	71	85	2	-1
72	73	72	72	85	2	-1
73	74	73	73	85	2	-1
74	75	74	74	85	2	-1
75	76	75	75	85	2	-1
76	77	76	76	85	2	-1
77	78	77	77	85	2	-1
78	79	78	78	85	2	-1
79	80	79	79	85	2	-1
80	81	80	80	85	2	-1
81	82	81	81	85	2	-1
82	83	82	82	85	2	-1
83	84	83	83	85	2	-1
84	85	84	84	85	2	-1
0	1	0	0	86	2	-1
1	2	1	1	86	2	-1
2	3	2	2	86	2	-1
3	4	3	3	86	2	-1
4	5	4	4	86	2	-1
5	6	5	5	86	2	-1
6	7	6	6	86	2	-1
7	8	7	7	86	2	-1
8	9	8	8	86	2	-1
9	10	9	9	86	2	-1
10	11	10	10	86	2	-1
11	12	11	11	86	2	-1
12	13	12	12	86	2	-1
13	14	13	13	86	2	-1
14	15	14	14	86	2	-1
15	16	15	15	86	2	-1
16	17	16	16	86	2	-1
17	18	17	17	86	2	-1
18	19	18	18	86	2	-1
19	20	19	19	86	2	-1
20	21	20	20	86	2	-1
21	22	21	21	86	2	-1
22	23	22	22	86	2	-1
23	24	23	23	86	2	-1
24	25	24	24	86	2	-1
25	26	25	25	86	2	-1
26	27	26	26	86	2	-1
27	28	27	27	86	2	-1
28	29	28	28	86	2	-1
29	30	29	29	86	2	-1
30	31	30	30	86	2	-1
31	32	31	31	86	2	-1
32	33	32	32	86	2	-1
33	34	33	33	86	2	-1
34	35	34	34	86	2	-1
35	36	35	35	86	2	-1
36	37	36	36	86	2	-1
37	38	37	37	86	2	-1
38	39	38	38	86	2	-1
39	40	39	39	86	2	-1
40	41	40	40	86	2	-1
41	42	41	41	86	2	-1
42	43	42	42	86	2	-1
43	44	43	43	86	2	-1
44	45	44	44	86	2	-1
45	46	45	45	86	2	-1
46	47	46	46	86	2	-1
47	48	47	47	86	2	-1
48	49	48	48	86	2	-1
49	50	49	49	86	2	-1
50	51	50	50	86	2	-1
51	52	51	51	86	2	-1
52	53	52	52	86	2	-1
53	54	53	53	86	2	-1
54	55	54	54	86	2	-1
55	56	55	55	86	2	-1
56	57	56	56	86	2	-1
57	58	57	57	86	2	-1
58	59	58	58	86	2	-1
59	60	59	59	86	2	-1
60	61	60	60	86	2	-1
61	62	61	61	86	2	-1
62	63	62	62	86	2	-1
63	64	63	63	86	2	-1
64	65	64	64	86	2	-1
65	66	65	65	86	2	-1
66	67	66	66	86	2	-1
67	68	67	67	86	2	-1
68	69	68	68	86	2	-1
69	70	69	69	86	2	-1
70	71	70	70	86	2	-1
71	72	71	71	86	2	-1
72	73	72	72	86	2	-1
73	74	73	73	86	2	-1
74	75	74	74	86	2	-1
75	76	75	75	86	2	-1
76	77	76	76	86	2	-1
77	78	77	77	86	2	-1
78	79	78	78	86	2	-1
79	80	79	79	86	2	-1
80	81	80	80	86	2	-1
81	82	81	81	86	2	-1
82	83	82	82	86	2	-1
83	84	83	83	86	2	-1
84	85	84	84	86	2	-1
85	86	85	85	86	2	-1
0	1	0	0	87	2	-1
1	2	1	1	87	2	-1
2	3	2	2	87	2	-1
3	4	3	3	87	2	-1
4	5	4	4	87	2	-1
5	6	5	5	87	2	-1
6	7	6	6	87	2	-1
7	8	7	7	87	2	-1
8	9	8	8	87	2	-1
9	10	9	9	87	2	-1
10	11	10	10	87	2	-1
11	12	11	11	87	2	-1
12	13	12	12	87	2	-1
13	14	13	13	87	2	-1
14	15	14	14	87	2	-1
15	16	15	15	87	2	-1
16	17	16	16	87	2	-1
17	18	17	17	87	2	-1
18	19	18	18	87	2	-1
19	20	19	19	87	2	-1
20	21	20	20	87	2	-1
21	22	21	21	87	2	-1
22	23	22	22	87	2	-1
23	24	23	23	87	2	-1
24	25	24	24	87	2	-1
25	26	25	25	87	2	-1
26	27	26	26	87	2	-1
27	28	27	27	87	2	-1
28	29	28	28	87	2	-1
29	30	29	29	87	2	-1
30	31	30	30	87	2	-1
31	32	31	31	87	2	-1
32	33	32	32	87	2	-1
33	34	33	33	87	2	-1
34	35	34	34	87	2	-1
35	36	35	35	87	2	-1
36	37	36	36	87	2	-1
37	38	37	37	87	2	-1
38	39	38	38	87	2	-1
39	40	39	39	87	2	-1
40	41	40	40	87	2	-1
41	42	41	41	87	2	-1
42	43	42	42	87	2	-1
43	44	43	43	87	2	-1
44	45	44	44	87	2	-1
45	46	45	45	87	2	-1
46	47	46	46	87	2	-1
47	48	47	47	87	2	-1
48	49	48	48	87	2	-1
49	50	49	49	87	2	-1
50	51	50	50	87	2	-1
51	52	51	51	87	2	-1
52	53	52	52	87	2	-1
53	54	53	53	87	2	-1
54	55	54	54	87	2	-1
55	56	55	55	87	2	-1
56	57	56	56	87	2	-1
57	58	57	57	87	2	-1
58	59	58	58	87	2	-1
59	60	59	59	87	2	-1
60	61	60	60	87	2	-1
61	62	61	61	87	2	-1
62	63	62	62	87	2	-1
63	64	63	63	87	2	-1
64	65	64	64	87	2	-1
65	66	65	65	87	2	-1
66	67	66	66	87	2	-1
67	68	67	67	87	2	-1
68	69	68	68	87	2	-1
69	70	69	69	87	2	-1
70	71	70	70	87	2	-1
71	72	71	71	87	2	-1
72	73	72	72	87	2	-1
73	74	73	73	87	2	-1
74	75	74	74	87	2	-1
75	76	75	75	87	2	-1
76	77	76	76	87	2	-1
77	78	77	77	87	2	-1
78	79	78	78	87	2	-1
79	80	79	79	87	2	-1
80	81	80	80	87	2	-1
81	82	81	81	87	2	-1
82	83	82	82	87	2	-1
83	84	83	83	87	2	-1
84	85	84	84	87	2	-1
85	86	85	85	87	2	-1
86	87	86	86	87	2	-1
0	1	0	0	88	2	-1
1	2	1	1	88	2	-1
2	3	2	2	88	2	-1
3	4	3	3	88	2	-1
4	5	4	4	88	2	-1
5	6	5	5	88	2	-1
6	7	6	6	88	2	-1
7	8	7	7	88	2	-1
8	9	8	8	88	2	-1
9	10	9	9	88	2	-1
10	11	10	10	88	2	-1
11	12	11	11	88	2	-1
12	13	12	12	88	2	-1
13	14	13	13	88	2	-1
14	15	14	14	88	2	-1
15	16	15	15	88	2	-1
16	17	16	16	88	2	-1
17	18	17	17	88	2	-1
18	19	18	18	88	2	-1
19	20	19	19	88	2	-1
20	21	20	20	88	2	-1
21	22	21	21	88	2	-1
22	23	22	22	88	2	-1
23	24	23	23	88	2	-1
24	25	24	24	88	2	-1
25	26	25	25	88	2	-1
26	27	26	26	88	2	-1
27	28	27	27	88	2	-1
28	29	28	28	88	2	-1
29	30	29	29	88	2	-1
30	31	30	30	88	2	-1
31	32	31	31	88	2	-1
32	33	32	32	88	2	-1
33	34	33	33	88	2	-1
34	35	34	34	88	2	-1
35	36	35	35	88	2	-1
36	37	36	36	88	2	-1
37	38	37	37	88	2	-1
38	39	38	38	88	2	-1
39	40	39	39	88	2	-1
40	41	40	40	88	2	-1
41	42	41	41	88	2	-1
42	43	42	42	88	2	-1
43	44	43	43	88	2	-1
44	45	44	44	88	2	-1
45	46	45	45	88	2	-1
46	47	46	46	88	2	-1
47	48	47	47	88	2	-1
48	49	48	48	88	2	-1
49	50	49	49	88	2	-1
50	51	50	50	88	2	-1
51	52	51	51	88	2	-1
52	53	52	52	88	2	-1
53	54	53	53	88	2	-1
54	55	54	54	88	2	-1
55	56	55	55	88	2	-1
56	57	56	56	88	2	-1
57	58	57	57	88	2	-1
58	59	58	58	88	2	-1
59	60	59	59	88	2	-1
60	61	60	60	88	2	-1
61	62	61	61	88	2	-1
62	63	62	62	88	2	-1
63	64	63	63	88	2	-1
64	65	64	64	88	2	-1
65	66	65	65	88	2	-1
66	67	66	66	88	2	-1
67	68	67	67	88	2	-1
68	69	68	68	88	2	-1
69	70	69	69	88	2	-1
70	71	70	70	88	2	-1
71	72	71	71	88	2	-1
72	73	72	72	88	2	-1
73	74	73	73	88	2	-1
74	75	74	74	88	2	-1
75	76	75	75	88	2	-1
76	77	76	76	88	2	-1
77	78	77	77	88	2	-1
78	79	78	78	88	2	-1
79	80	79	79	88	2	-1
80	81	80	80	88	2	-1
81	82	81	81	88	2	-1
82	83	82	82	88	2	-1
83	84	83	83	88	2	-1
84	85	84	84	88	2	-1
85	86	85	85	88	2	-1
86	87	86	86	88	2	-1
87	88	87	87	88	2	-1
0	1	0	0	89	2	-1
1	2	1	1	89	2	-1
2	3	2	2	89	2	-1
3	4	3	3	89	2	-1
4	5	4	4	89	2	-1
5	6	5	5	89	2	-1
6	7	6	6	89	2	-1
7	8	7	7	89	2	-1
8	9	8	8	89	2	-1
9	10	9	9	89	2	-1
10	11	10	10	89	2	-1
11	12	11	11	89	2	-1
12	13	12	12	89	2	-1
13	14	13	13	89	2	-1
14	15	14	14	89	2	-1
15	16	15	15	89	2	-1
16	17	16	16	89	2	-1
17	18	17	17	89	2	-1
18	19	18	18	89	2	-1
19	20	19	19	89	2	-1
20	21	20	20	89	2	-1
21	22	21	21	89	2	-1
22	23	22	22	89	2	-1
23	24	23	23	89	2	-1
24	25	24	24	89	2	-1
25	26	25	25	89	2	-1
26	27	26	26	89	2	-1
27	28	27	27	89	2	-1
28	29	28	28	89	2	-1
29	30	29	29	89	2	-1
30	31	30	30	89	2	-1
31	32	31	31	89	2	-1
32	33	32	32	89	2	-1
33	34	33	33	89	2	-1
34	35	34	34	89	2	-1
35	36	35	35	89	2	-1
36	37	36	36	89	2	-1
37	38	37	37	89	2	-1
38	39	38	38	89	2	-1
39	40	39	39	89	2	-1
40	41	40	40	89	2	-1
41	42	41	41	89	2	-1
42	43	42	42	89	2	-1
43	44	43	43	89	2	-1
44	45	44	44	89	2	-1
45	46	45	45	89	2	-1
46	47	46	46	89	2	-1
47	48	47	47	89	2	-1
48	49	48	48	89	2	-1
49	50	49	49	89	2	-1
50	51	50	50	89	2	-1
51	52	51	51	89	2	-1
52	53	52	52	89	2	-1
53	54	53	53	89	2	-1
54	55	54	54	89	2	-1
55	56	55	55	89	2	-1
56	57	56	56	89	2	-1
57	58	57	57	89	2	-1
58	59	58	58	89	2	-1
59	60	59	59	89	2	-1
60	61	60	60	89	2	-1
61	62	61	61	89	2	-1
62	63	62	62	89	2	-1
63	64	63	63	89	2	-1
64	65	64	64	89	2	-1
65	66	65	65	89	2	-1
66	67	66	66	89	2	-1
67	68	67	67	89	2	-1
68	69	68	68	89	2	-1
69	70	69	69	89	2	-1
70	71	70	70	89	2	-1
71	72	71	71	89	2	-1
72	73	72	72	89	2	-1
73	74	73	73	89	2	-1
74	75	74	74	89	2	-1
75	76	75	75	89	2	-1
76	77	76	76	89	2	-1
77	78	77	77	89	2	-1
78	79	78	78	89	2	-1
79	80	79	79	89	2	-1
80	81	80	80	89	2	-1
81	82	81	81	89	2	-1
82	83	82	82	89	2	-1
83	84	83	83	89	2	-1
84	85	84	84	89	2	-1
85	86	85	85	89	2	-1
86	87	86	86	89	2	-1
87	88	87	87	89	2	-1
88	89	88	88	89	2	-1
0	1	0	0	90	2	-1
1	2	1	1	90	2	-1
2	3	2	2	90	2	-1
3	4	3	3	90	2	-1
4	5	4	4	90	2	-1
5	6	5	5	90	2	-1
6	7	6	6	90	2	-1
7	8	7	7	90	2	-1
8	9	8	8	90	2	-1
9	10	9	9	90	2	-1
10	11	10	10	90	2	-1
11	12	11	11	90	2	-1
12	13	12	12	90	2	-1
13	14	13	13	90	2	-1
14	15	14	14	90	2	-1
15	16	15	15	90	2	-1
16	17	16	16	90	2	-1
17	18	17	17	90	2	-1
18	19	18	18	90	2	-1
19	20	19	19	90	2	-1
20	21	20	20	90	2	-1
21	22	21	21	90	2	-1
22	23	22	22	90	2	-1
23	24	23	23	90	2	-1
24	25	24	24	90	2	-1
25	26	25	25	90	2	-1
26	27	26	26	90	2	-1
27	28	27	27	90	2	-1
28	29	28	28	90	2	-1
29	30	29	29	90	2	-1
30	31	30	30	90	2	-1
31	32	31	31	90	2	-1
32	33	32	32	90	2	-1
33	34	33	33	90	2	-1
34	35	34	34	90	2	-1
35	36	35	35	90	2	-1
36	37	36	36	90	2	-1
37	38	37	37	90	2	-1
38	39	38	38	90	2	-1
39	40	39	39	90	2	-1
40	41	40	40	90	2	-1
41	42	41	41	90	2	-1
42	43	42	42	90	2	-1
43	44	43	43	90	2	-1
44	45	44	44	90	2	-1
45	46	45	45	90	2	-1
46	47	46	46	90	2	-1
47	48	47	47	90	2	-1
48	49	48	48	90	2	-1
49	50	49	49	90	2	-1
50	51	50	50	90	2	-1
51	52	51	51	90	2	-1
52	53	52	52	90	2	-1
53	54	53	53	90	2	-1
54	55	54	54	90	2	-1
55	56	55	55	90	2	-1
56	57	56	56	90	2	-1
57	58	57	57	90	2	-1
58	59	58	58	90	2	-1
59	60	59	59	90	2	-1
60	61	60	60	90	2	-1
61	62	61	61	90	2	-1
62	63	62	62	90	2	-1
63	64	63	63	90	2	-1
64	65	64	64	90	2	-1
65	66	65	65	90	2	-1
66	67	66	66	90	2	-1
67	68	67	67	90	2	-1
68	69	68	68	90	2	-1
69	70	69	69	90	2	-1
70	71	70	70	90	2	-1
71	72	71	71	90	2	-1
72	73	72	72	90	2	-1
73	74	73	73	90	2	-1
74	75	74	74	90	2	-1
75	76	75	75	90	2	-1
76	77	76	76	90	2	-1
77	78	77	77	90	2	-1
78	79	78	78	90	2	-1
79	80	79	79	90	2	-1
80	81	80	80	90	2	-1
81	82	81	81	90	2	-1
82	83	82	82	90	2	-1
83	84	83	83	90	2	-1
84	85	84	84	90	2	-1
85	86	85	85	90	2	-1
86	87	86	86	90	2	-1
87	88	87	87	90	2	-1
88	89	88	88	90	2	-1
89	90	89	89	90	2	-1
0	1	0	0	91	2	-1
1	2	1	1	91	2	-1
2	3	2	2	91	2	-1
3	4	3	3	91	2	-1
4	5	4	4	91	2	-1
5	6	5	5	91	2	-1
6	7	6	6	91	2	-1
7	8	7	7	91	2	-1
8	9	8	8	91	2	-1
9	10	9	9	91	2	-1
10	11	10	10	91	2	-1
11	12	11	11	91	2	-1
12	13	12	12	91	2	-1
13	14	13	13	91	2	-1
14	15	14	14	91	2	-1
15	16	15	15	91	2	-1
16	17	16	16	91	2	-1
17	18	17	17	91	2	-1
18	19	18	18	91	2	-1
19	20	19	19	91	2	-1
20	21	20	20	91	2	-1
21	22	21	21	91	2	-1
22	23	22	22	91	2	-1
23	24	23	23	91	2	-1
24	25	24	24	91	2	-1
25	26	25	25	91	2	-1
26	27	26	26	91	2	-1
27	28	27	27	91	2	-1
28	29	28	28	91	2	-1
29	30	29	29	91	2	-1
30	31	30	30	91	2	-1
31	32	31	31	91	2	-1
32	33	32	32	91	2	-1
33	34	33	33	91	2	-1
34	35	34	34	91	2	-1
35	36	35	35	91	2	-1
36	37	36	36	91	2	-1
37	38	37	37	91	2	-1
38	39	38	38	91	2	-1
39	40	39	39	91	2	-1
40	41	40	40	91	2	-1
41	42	41	41	91	2	-1
42	43	42	42	91	2	-1
43	44	43	43	91	2	-1
44	45	44	44	91	2	-1
45	46	45	45	91	2	-1
46	47	46	46	91	2	-1
47	48	47	47	91	2	-1
48	49	48	48	91	2	-1
49	50	49	49	91	2	-1
50	51	50	50	91	2	-1
51	52	51	51	91	2	-1
52	53	52	52	91	2	-1
53	54	53	53	91	2	-1
54	55	54	54	91	2	-1
55	56	55	55	91	2	-1
56	57	56	56	91	2	-1
57	58	57	57	91	2	-1
58	59	58	58	91	2	-1
59	60	59	59	91	2	-1
60	61	60	60	91	2	-1
61	62	61	61	91	2	-1
62	63	62	62	91	2	-1
63	64	63	63	91	2	-1
64	65	64	64	91	2	-1
65	66	65	65	91	2	-1
66	67	66	66	91	2	-1
67	68	67	67	91	2	-1
68	69	68	68	91	2	-1
69	70	69	69	91	2	-1
70	71	70	70	91	2	-1
71	72	71	71	91	2	-1
72	73	72	72	91	2	-1
73	74	73	73	91	2	-1
74	75	74	74	91	2	-1
75	76	75	75	91	2	-1
76	77	76	76	91	2	-1
77	78	77	77	91	2	-1
78	79	78	78	91	2	-1
79	80	79	79	91	2	-1
80	81	80	80	91	2	-1
81	82	81	81	91	2	-1
82	83	82	82	91	2	-1
83	84	83	83	91	2	-1
84	85	84	84	91	2	-1
85	86	85	85	91	2	-1
86	87	86	86	91	2	-1
87	88	87	87	91	2	-1
88	89	88	88	91	2	-1
89	90	89	89	91	2	-1
90	91	90	90	91	2	-1
0	1	0	0	92	2	-1
1	2	1	1	92	2	-1
2	3	2	2	92	2	-1
3	4	3	3	92	2	-1
4	5	4	4	92	2	-1
5	6	5	5	92	2	-1
6	7	6	6	92	2	-1
7	8	7	7	92	2	-1
8	9	8	8	92	2	-1
9	10	9	9	92	2	-1
10	11	10	10	92	2	-1
11	12	11	11	92	2	-1
12	13	12	12	92	2	-1
13	14	13	13	92	2	-1
14	15	14	14	92	2	-1
15	16	15	15	92	2	-1
16	17	16	16	92	2	-1
17	18	17	17	92	2	-1
18	19	18	18	92	2	-1
19	20	19	19	92	2	-1
20	21	20	20	92	2	-1
21	22	21	21	92	2	-1
22	23	22	22	92	2	-1
23	24	23	23	92	2	-1
24	25	24	24	92	2	-1
25	26	25	25	92	2	-1
26	27	26	26	92	2	-1
27	28	27	27	92	2	-1
28	29	28	28	92	2	-1
29	30	29	29	92	2	-1
30	31	30	30	92	2	-1
31	32	31	31	92	2	-1
32	33	32	32	92	2	-1
33	34	33	33	92	2	-1
34	35	34	34	92	2	-1
35	36	35	35	92	2	-1
36	37	36	36	92	2	-1
37	38	37	37	92	2	-1
38	39	38	38	92	2	-1
39	40	39	39	92	2	-1
40	41	40	40	92	2	-1
41	42	41	41	92	2	-1
42	43	42	42	92	2	-1
43	44	43	43	92	2	-1
44	45	44	44	92	2	-1
45	46	45	45	92	2	-1
46	47	46	46	92	2	-1
47	48	47	47	92	2	-1
48	49	48	48	92	2	-1
49	50	49	49	92	2	-1
50	51	50	50	92	2	-1
51	52	51	51	92	2	-1
52	53	52	52	92	2	-1
53	54	53	53	92	2	-1
54	55	54	54	92	2	-1
55	56	55	55	92	2	-1
56	57	56	56	92	2	-1
57	58	57	57	92	2	-1
58	59	58	58	92	2	-1
59	60	59	59	92	2	-1
60	61	60	60	92	2	-1
61	62	61	61	92	2	-1
62	63	62	62	92	2	-1
63	64	63	63	92	2	-1
64	65	64	64	92	2	-1
65	66	65	65	92	2	-1
66	67	66	66	92	2	-1
67	68	67	67	92	2	-1
68	69	68	68	92	2	-1
69	70	69	69	92	2	-1
70	71	70	70	92	2	-1
71	72	71	71	92	2	-1
72	73	72	72	92	2	-1
73	74	73	73	92	2	-1
74	75	74	74	92	2	-1
75	76	75	75	92	2	-1
76	77	76	76	92	2	-1
77	78	77	77	92	2	-1
78	79	78	78	92	2	-1
79	80	79	79	92	2	-1
80	81	80	80	92	2	-1
81	82	81	81	92	2	-1
82	83	82	82	92	2	-1
83	84	83	83	92	2	-1
84	85	84	84	92	2	-1
85	86	85	85	92	2	-1
86	87	86	86	92	2	-1
87	88	87	87	92	2	-1
88	89	88	88	92	2	-1
89	90	89	89	92	2	-1
90	91	90	90	92	2	-1
91	92	91	91	92	2	-1
0	1	0	0	93	2	-1
1	2	1	1	93	2	-1
2	3	2	2	93	2	-1
3	4	3	3	93	2	-1
4	5	4	4	93	2	-1
5	6	5	5	93	2	-1
6	7	6	6	93	2	-1
7	8	7	7	93	2	-1
8	9	8	8	93	2	-1
9	10	9	9	93	2	-1
10	11	10	10	93	2	-1
11	12	11	11	93	2	-1
12	13	12	12	93	2	-1
13	14	13	13	93	2	-1
14	15	14	14	93	2	-1
15	16	15	15	93	2	-1
16	17	16	16	93	2	-1
17	18	17	17	93	2	-1
18	19	18	18	93	2	-1
19	20	19	19	93	2	-1
20	21	20	20	93	2	-1
21	22	21	21	93	2	-1
22	23	22	22	93	2	-1
23	24	23	23	93	2	-1
24	25	24	24	93	2	-1
25	26	25	25	93	2	-1
26	27	26	26	93	2	-1
27	28	27	27	93	2	-1
28	29	28	28	93	2	-1
29	30	29	29	93	2	-1
30	31	30	30	93	2	-1
31	32	31	31	93	2	-1
32	33	32	32	93	2	-1
33	34	33	33	93	2	-1
34	35	34	34	93	2	-1
35	36	35	35	93	2	-1
36	37	36	36	93	2	-1
37	38	37	37	93	2	-1
38	39	38	38	93	2	-1
39	40	39	39	93	2	-1
40	41	40	40	93	2	-1
41	42	41	41	93	2	-1
42	43	42	42	93	2	-1
43	44	43	43	93	2	-1
44	45	44	44	93	2	-1
45	46	45	45	93	2	-1
46	47	46	46	93	2	-1
47	48	47	47	93	2	-1
48	49	48	48	93	2	-1
49	50	49	49	93	2	-1
50	51	50	50	93	2	-1
51	52	51	51	93	2	-1
52	53	52	52	93	2	-1
53	54	53	53	93	2	-1
54	55	54	54	93	2	-1
55	56	55	55	93	2	-1
56	57	56	56	93	2	-1
57	58	57	57	93	2	-1
58	59	58	58	93	2	-1
59	60	59	59	93	2	-1
60	61	60	60	93	2	-1
61	62	61	61	93	2	-1
62	63	62	62	93	2	-1
63	64	63	63	93	2	-1
64	65	64	64	93	2	-1
65	66	65	65	93	2	-1
66	67	66	66	93	2	-1
67	68	67	67	93	2	-1
68	69	68	68	93	2	-1
69	70	69	69	93	2	-1
70	71	70	70	93	2	-1
71	72	71	71	93	2	-1
72	73	72	72	93	2	-1
73	74	73	73	93	2	-1
74	75	74	74	93	2	-1
75	76	75	75	93	2	-1
76	77	76	76	93	2	-1
77	78	77	77	93	2	-1
78	79	78	78	93	2	-1
79	80	79	79	93	2	-1
80	81	80	80	93	2	-1
81	82	81	81	93	2	-1
82	83	82	82	93	2	-1
83	84	83	83	93	2	-1
84	85	84	84	93	2	-1
85	86	85	85	93	2	-1
86	87	86	86	93	2	-1
87	88	87	87	93	2	-1
88	89	88	88	93	2	-1
89	90	89	89	93	2	-1
90	91	90	90	93	2	-1
91	92	91	91	93	2	-1
92	93	92	92	93	2	-1
0	1	0	0	94	2	-1
1	2	1	1	94	2	-1
2	3	2	2	94	2	-1
3	4	3	3	94	2	-1
4	5	4	4	94	2	-1
5	6	5	5	94	2	-1
6	7	6	6	94	2	-1
7	8	7	7	94	2	-1
8	9	8	8	94	2	-1
9	10	9	9	94	2	-1
10	11	10	10	94	2	-1
11	12	11	11	94	2	-1
12	13	12	12	94	2	-1
13	14	13	13	94	2	-1
14	15	14	14	94	2	-1
15	16	15	15	94	2	-1
16	17	16	16	94	2	-1
17	18	17	17	94	2	-1
18	19	18	18	94	2	-1
19	20	19	19	94	2	-1
20	21	20	20	94	2	-1
21	22	21	21	94	2	-1
22	23	22	22	94	2	-1
23	24	23	23	94	2	-1
24	25	24	24	94	2	-1
25	26	25	25	94	2	-1
26	27	26	26	94	2	-1
27	28	27	27	94	2	-1
28	29	28	28	94	2	-1
29	30	29	29	94	2	-1
30	31	30	30	94	2	-1
31	32	31	31	94	2	-1
32	33	32	32	94	2	-1
33	34	33	33	94	2	-1
34	35	34	34	94	2	-1
35	36	35	35	94	2	-1
36	37	36	36	94	2	-1
37	38	37	37	94	2	-1
38	39	38	38	94	2	-1
39	40	39	39	94	2	-1
40	41	40	40	94	2	-1
41	42	41	41	94	2	-1
42	43	42	42	94	2	-1
43	44	43	43	94	2	-1
44	45	44	44	94	2	-1
45	46	45	45	94	2	-1
46	47	46	46	94	2	-1
47	48	47	47	94	2	-1
48	49	48	48	94	2	-1
49	50	49	49	94	2	-1
50	51	50	50	94	2	-1
51	52	51	51	94	2	-1
52	53	52	52	94	2	-1
53	54	53	53	94	2	-1
54	55	54	54	94	2	-1
55	56	55	55	94	2	-1
56	57	56	56	94	2	-1
57	58	57	57	94	2	-1
58	59	58	58	94	2	-1
59	60	59	59	94	2	-1
60	61	60	60	94	2	-1
61	62	61	61	94	2	-1
62	63	62	62	94	2	-1
63	64	63	63	94	2	-1
64	65	64	64	94	2	-1
65	66	65	65	94	2	-1
66	67	66	66	94	2	-1
67	68	67	67	94	2	-1
68	69	68	68	94	2	-1
69	70	69	69	94	2	-1
70	71	70	70	94	2	-1
71	72	71	71	94	2	-1
72	73	72	72	94	2	-1
73	74	73	73	94	2	-1
74	75	74	74	94	2	-1
75	76	75	75	94	2	-1
76	77	76	76	94	2	-1
77	78	77	77	94	2	-1
78	79	78	78	94	2	-1
79	80	79	79	94	2	-1
80	81	80	80	94	2	-1
81	82	81	81	94	2	-1
82	83	82	82	94	2	-1
83	84	83	83	94	2	-1
84	85	84	84	94	2	-1
85	86	85	85	94	2	-1
86	87	86	86	94	2	-1
87	88	87	87	94	2	-1
88	89	88	88	94	2	-1
89	90	89	89	94	2	-1
90	91	90	90	94	2	-1
91	92	91	91	94	2	-1
92	93	92	92	94	2	-1
93	94	93	93	94	2	-1
0	1	0	0	95	2	-1
1	2	1	1	95	2	-1
2	3	2	2	95	2	-1
3	4	3	3	95	2	-1
4	5	4	4	95	2	-1
5	6	5	5	95	2	-1
6	7	6	6	95	2	-1
7	8	7	7	95	2	-1
8	9	8	8	95	2	-1
9	10	9	9	95	2	-1
10	11	10	10	95	2	-1
11	12	11	11	95	2	-1
12	13	12	12	95	2	-1
13	14	13	13	95	2	-1
14	15	14	14	95	2	-1
15	16	15	15	95	2	-1
16	17	16	16	95	2	-1
17	18	17	17	95	2	-1
18	19	18	18	95	2	-1
19	20	19	19	95	2	-1
20	21	20	20	95	2	-1
21	22	21	21	95	2	-1
22	23	22	22	95	2	-1
23	24	23	23	95	2	-1
24	25	24	24	95	2	-1
25	26	25	25	95	2	-1
26	27	26	26	95	2	-1
27	28	27	27	95	2	-1
28	29	28	28	95	2	-1
29	30	29	29	95	2	-1
30	31	30	30	95	2	-1
31	32	31	31	95	2	-1
32	33	32	32	95	2	-1
33	34	33	33	95	2	-1
34	35	34	34	95	2	-1
35	36	35	35	95	2	-1
36	37	36	36	95	2	-1
37	38	37	37	95	2	-1
38	39	38	38	95	2	-1
39	40	39	39	95	2	-1
40	41	40	40	95	2	-1
41	42	41	41	95	2	-1
42	43	42	42	95	2	-1
43	44	43	43	95	2	-1
44	45	44	44	95	2	-1
45	46	45	45	95	2	-1
46	47	46	46	95	2	-1
47	48	47	47	95	2	-1
48	49	48	48	95	2	-1
49	50	49	49	95	2	-1
50	51	50	50	95	2	-1
51	52	51	51	95	2	-1
52	53	52	52	95	2	-1
53	54	53	53	95	2	-1
54	55	54	54	95	2	-1
55	56	55	55	95	2	-1
56	57	56	56	95	2	-1
57	58	57	57	95	2	-1
58	59	58	58	95	2	-1
59	60	59	59	95	2	-1
60	61	60	60	95	2	-1
61	62	61	61	95	2	-1
62	63	62	62	95	2	-1
63	64	63	63	95	2	-1
64	65	64	64	95	2	-1
65	66	65	65	95	2	-1
66	67	66	66	95	2	-1
67	68	67	67	95	2	-1
68	69	68	68	95	2	-1
69	70	69	69	95	2	-1
70	71	70	70	95	2	-1
71	72	71	71	95	2	-1
72	73	72	72	95	2	-1
73	74	73	73	95	2	-1
74	75	74	74	95	2	-1
75	76	75	75	95	2	-1
76	77	76	76	95	2	-1
77	78	77	77	95	2	-1
78	79	78	78	95	2	-1
79	80	79	79	95	2	-1
80	81	80	80	95	2	-1
81	82	81	81	95	2	-1
82	83	82	82	95	2	-1
83	84	83	83	95	2	-1
84	85	84	84	95	2	-1
85	86	85	85	95	2	-1
86	87	86	86	95	2	-1
87	88	87	87	95	2	-1
88	89	88	88	95	2	-1
89	90	89	89	95	2	-1
90	91	90	90	95	2	-1
91	92	91	91	95	2	-1
92	93	92	92	95	2	-1
93	94	93	93	95	2	-1
94	95	94	94	95	2	-1
0	1	0	0	96	2	-1
1	2	1	1	96	2	-1
2	3	2	2	96	2	-1
3	4	3	3	96	2	-1
4	5	4	4	96	2	-1
5	6	5	5	96	2	-1
6	7	6	6	96	2	-1
7	8	7	7	96	2	-1
8	9	8	8	96	2	-1
9	10	9	9	96	2	-1
10	11	10	10	96	2	-1
11	12	11	11	96	2	-1
12	13	12	12	96	2	-1
13	14	13	13	96	2	-1
14	15	14	14	96	2	-1
15	16	15	15	96	2	-1
16	17	16	16	96	2	-1
17	18	17	17	96	2	-1
18	19	18	18	96	2	-1
19	20	19	19	96	2	-1
20	21	20	20	96	2	-1
21	22	21	21	96	2	-1
22	23	22	22	96	2	-1
23	24	23	23	96	2	-1
24	25	24	24	96	2	-1
25	26	25	25	96	2	-1
26	27	26	26	96	2	-1
27	28	27	27	96	2	-1
28	29	28	28	96	2	-1
29	30	29	29	96	2	-1
30	31	30	30	96	2	-1
31	32	31	31	96	2	-1
32	33	32	32	96	2	-1
33	34	33	33	96	2	-1
34	35	34	34	96	2	-1
35	36	35	35	96	2	-1
36	37	36	36	96	2	-1
37	38	37	37	96	2	-1
38	39	38	38	96	2	-1
39	40	39	39	96	2	-1
40	41	40	40	96	2	-1
41	42	41	41	96	2	-1
42	43	42	42	96	2	-1
43	44	43	43	96	2	-1
44	45	44	44	96	2	-1
45	46	45	45	96	2	-1
46	47	46	46	96	2	-1
47	48	47	47	96	2	-1
48	49	48	48	96	2	-1
49	50	49	49	96	2	-1
50	51	50	50	96	2	-1
51	52	51	51	96	2	-1
52	53	52	52	96	2	-1
53	54	53	53	96	2	-1
54	55	54	54	96	2	-1
55	56	55	55	96	2	-1
56	57	56	56	96	2	-1
57	58	57	57	96	2	-1
58	59	58	58	96	2	-1
59	60	59	59	96	2	-1
60	61	60	60	96	2	-1
61	62	61	61	96	2	-1
62	63	62	62	96	2	-1
63	64	63	63	96	2	-1
64	65	64	64	96	2	-1
65	66	65	65	96	2	-1
66	67	66	66	96	2	-1
67	68	67	67	96	2	-1
68	69	68	68	96	2	-1
69	70	69	69	96	2	-1
70	71	70	70	96	2	-1
71	72	71	71	96	2	-1
72	73	72	72	96	2	-1
73	74	73	73	96	2	-1
74	75	74	74	96	2	-1
75	76	75	75	96	2	-1
76	77	76	76	96	2	-1
77	78	77	77	96	2	-1
78	79	78	78	96	2	-1
79	80	79	79	96	2	-1
80	81	80	80	96	2	-1
81	82	81	81	96	2	-1
82	83	82	82	96	2	-1
83	84	83	83	96	2	-1
84	85	84	84	96	2	-1
85	86	85	85	96	2	-1
86	87	86	86	96	2	-1
87	88	87	87	96	2	-1
88	89	88	88	96	2	-1
89	90	89	89	96	2	-1
90	91	90	90	96	2	-1
91	92	91	91	96	2	-1
92	93	92	92	96	2	-1
93	94	93	93	96	2	-1
94	95	94	94	96	2	-1
95	96	95	95	96	2	-1
0	1	0	0	97	2	-1
1	2	1	1	97	2	-1
2	3	2	2	97	2	-1
3	4	3	3	97	2	-1
4	5	4	4	97	2	-1
5	6	5	5	97	2	-1
6	7	6	6	97	2	-1
7	8	7	7	97	2	-1
8	9	8	8	97	2	-1
9	10	9	9	97	2	-1
10	11	10	10	97	2	-1
11	12	11	11	97	2	-1
12	13	12	12	97	2	-1
13	14	13	13	97	2	-1
14	15	14	14	97	2	-1
15	16	15	15	97	2	-1
16	17	16	16	97	2	-1
17	18	17	17	97	2	-1
18	19	18	18	97	2	-1
19	20	19	19	97	2	-1
20	21	20	20	97	2	-1
21	22	21	21	97	2	-1
22	23	22	22	97	2	-1
23	24	23	23	97	2	-1
24	25	24	24	97	2	-1
25	26	25	25	97	2	-1
26	27	26	26	97	2	-1
27	28	27	27	97	2	-1
28	29	28	28	97	2	-1
29	30	29	29	97	2	-1
30	31	30	30	97	2	-1
31	32	31	31	97	2	-1
32	33	32	32	97	2	-1
33	34	33	33	97	2	-1
34	35	34	34	97	2	-1
35	36	35	35	97	2	-1
36	37	36	36	97	2	-1
37	38	37	37	97	2	-1
38	39	38	38	97	2	-1
39	40	39	39	97	2	-1
40	41	40	40	97	2	-1
41	42	41	41	97	2	-1
42	43	42	42	97	2	-1
43	44	43	43	97	2	-1
44	45	44	44	97	2	-1
45	46	45	45	97	2	-1
46	47	46	46	97	2	-1
47	48	47	47	97	2	-1
48	49	48	48	97	2	-1
49	50	49	49	97	2	-1
50	51	50	50	97	2	-1
51	52	51	51	97	2	-1
52	53	52	52	97	2	-1
53	54	53	53	97	2	-1
54	55	54	54	97	2	-1
55	56	55	55	97	2	-1
56	57	56	56	97	2	-1
57	58	57	57	97	2	-1
58	59	58	58	97	2	-1
59	60	59	59	97	2	-1
60	61	60	60	97	2	-1
61	62	61	61	97	2	-1
62	63	62	62	97	2	-1
63	64	63	63	97	2	-1
64	65	64	64	97	2	-1
65	66	65	65	97	2	-1
66	67	66	66	97	2	-1
67	68	67	67	97	2	-1
68	69	68	68	97	2	-1
69	70	69	69	97	2	-1
70	71	70	70	97	2	-1
71	72	71	71	97	2	-1
72	73	72	72	97	2	-1
73	74	73	73	97	2	-1
74	75	74	74	97	2	-1
75	76	75	75	97	2	-1
76	77	76	76	97	2	-1
77	78	77	77	97	2	-1
78	79	78	78	97	2	-1
79	80	79	79	97	2	-1
80	81	80	80	97	2	-1
81	82	81	81	97	2	-1
82	83	82	82	97	2	-1
83	84	83	83	97	2	-1
84	85	84	84	97	2	-1
85	86	85	85	97	2	-1
86	87	86	86	97	2	-1
87	88	87	87	97	2	-1
88	89	88	88	97	2	-1
89	90	89	89	97	2	-1
90	91	90	90	97	2	-1
91	92	91	91	97	2	-1
92	93	92	92	97	2	-1
93	94	93	93	97	2	-1
94	95	94	94	97	2	-1
95	96	95	95	97	2	-1
96	97	96	96	97	2	-1
0	1	0	0	98	2	-1
1	2	1	1	98	2	-1
2	3	2	2	98	2	-1
3	4	3	3	98	2	-1
4	5	4	4	98	2	-1
5	6	5	5	98	2	-1
6	7	6	6	98	2	-1
7	8	7	7	98	2	-1
8	9	8	8	98	2	-1
9	10	9	9	98	2	-1
10	11	10	10	98	2	-1
11	12	11	11	98	2	-1
12	13	12	12	98	2	-1
13	14	13	13	98	2	-1
14	15	14	14	98	2	-1
15	16	15	15	98	2	-1
16	17	16	16	98	2	-1
17	18	17	17	98	2	-1
18	19	18	18	98	2	-1
19	20	19	19	98	2	-1
20	21	20	20	98	2	-1
21	22	21	21	98	2	-1
22	23	22	22	98	2	-1
23	24	23	23	98	2	-1
24	25	24	24	98	2	-1
25	26	25	25	98	2	-1
26	27	26	26	98	2	-1
27	28	27	27	98	2	-1
28	29	28	28	98	2	-1
29	30	29	29	98	2	-1
30	31	30	30	98	2	-1
31	32	31	31	98	2	-1
32	33	32	32	98	2	-1
33	34	33	33	98	2	-1
34	35	34	34	98	2	-1
35	36	35	35	98	2	-1
36	37	36	36	98	2	-1
37	38	37	37	98	2	-1
38	39	38	38	98	2	-1
39	40	39	39	98	2	-1
40	41	40	40	98	2	-1
41	42	41	41	98	2	-1
42	43	42	42	98	2	-1
43	44	43	43	98	2	-1
44	45	44	44	98	2	-1
45	46	45	45	98	2	-1
46	47	46	46	98	2	-1
47	48	47	47	98	2	-1
48	49	48	48	98	2	-1
49	50	49	49	98	2	-1
50	51	50	50	98	2	-1
51	52	51	51	98	2	-1
52	53	52	52	98	2	-1
53	54	53	53	98	2	-1
54	55	54	54	98	2	-1
55	56	55	55	98	2	-1
56	57	56	56	98	2	-1
57	58	57	57	98	2	-1
58	59	58	58	98	2	-1
59	60	59	59	98	2	-1
60	61	60	60	98	2	-1
61	62	61	61	98	2	-1
62	63	62	62	98	2	-1
63	64	63	63	98	2	-1
64	65	64	64	98	2	-1
65	66	65	65	98	2	-1
66	67	66	66	98	2	-1
67	68	67	67	98	2	-1
68	69	68	68	98	2	-1
69	70	69	69	98	2	-1
70	71	70	70	98	2	-1
71	72	71	71	98	2	-1
72	73	72	72	98	2	-1
73	74	73	73	98	2	-1
74	75	74	74	98	2	-1
75	76	75	75	98	2	-1
76	77	76	76	98	2	-1
77	78	77	77	98	2	-1
78	79	78	78	98	2	-1
79	80	79	79	98	2	-1
80	81	80	80	98	2	-1
81	82	81	81	98	2	-1
82	83	82	82	98	2	-1
83	84	83	83	98	2	-1
84	85	84	84	98	2	-1
85	86	85	85	98	2	-1
86	87	86	86	98	2	-1
87	88	87	87	98	2	-1
88	89	88	88	98	2	-1
89	90	89	89	98	2	-1
90	91	90	90	98	2	-1
91	92	91	91	98	2	-1
92	93	92	92	98	2	-1
93	94	93	93	98	2	-1
94	95	94	94	98	2	-1
95	96	95	95	98	2	-1
96	97	96	96	98	2	-1
97	98	97	97	98	2	-1
0	1	0	0	99	2	-1
1	2	1	1	99	2	-1
2	3	2	2	99	2	-1
3	4	3	3	99	2	-1
4	5	4	4	99	2	-1
5	6	5	5	99	2	-1
6	7	6	6	99	2	-1
7	8	7	7	99	2	-1
8	9	8	8	99	2	-1
9	10	9	9	99	2	-1
10	11	10	10	99	2	-1
11	12	11	11	99	2	-1
12	13	12	12	99	2	-1
13	14	13	13	99	2	-1
14	15	14	14	99	2	-1
15	16	15	15	99	2	-1
16	17	16	16	99	2	-1
17	18	17	17	99	2	-1
18	19	18	18	99	2	-1
19	20	19	19	99	2	-1
20	21	20	20	99	2	-1
21	22	21	21	99	2	-1
22	23	22	22	99	2	-1
23	24	23	23	99	2	-1
24	25	24	24	99	2	-1
25	26	25	25	99	2	-1
26	27	26	26	99	2	-1
27	28	27	27	99	2	-1
28	29	28	28	99	2	-1
29	30	29	29	99	2	-1
30	31	30	30	99	2	-1
31	32	31	31	99	2	-1
32	33	32	32	99	2	-1
33	34	33	33	99	2	-1
34	35	34	34	99	2	-1
35	36	35	35	99	2	-1
36	37	36	36	99	2	-1
37	38	37	37	99	2	-1
38	39	38	38	99	2	-1
39	40	39	39	99	2	-1
40	41	40	40	99	2	-1
41	42	41	41	99	2	-1
42	43	42	42	99	2	-1
43	44	43	43	99	2	-1
44	45	44	44	99	2	-1
45	46	45	45	99	2	-1
46	47	46	46	99	2	-1
47	48	47	47	99	2	-1
48	49	48	48	99	2	-1
49	50	49	49	99	2	-1
50	51	50	50	99	2	-1
51	52	51	51	99	2	-1
52	53	52	52	99	2	-1
53	54	53	53	99	2	-1
54	55	54	54	99	2	-1
55	56	55	55	99	2	-1
56	57	56	56	99	2	-1
57	58	57	57	99	2	-1
58	59	58	58	99	2	-1
59	60	59	59	99	2	-1
60	61	60	60	99	2	-1
61	62	61	61	99	2	-1
62	63	62	62	99	2	-1
63	64	63	63	99	2	-1
64	65	64	64	99	2	-1
65	66	65	65	99	2	-1
66	67	66	66	99	2	-1
67	68	67	67	99	2	-1
68	69	68	68	99	2	-1
69	70	69	69	99	2	-1
70	71	70	70	99	2	-1
71	72	71	71	99	2	-1
72	73	72	72	99	2	-1
73	74	73	73	99	2	-1
74	75	74	74	99	2	-1
75	76	75	75	99	2	-1
76	77	76	76	99	2	-1
77	78	77	77	99	2	-1
78	79	78	78	99	2	-1
79	80	79	79	99	2	-1
80	81	80	80	99	2	-1
81	82	81	81	99	2	-1
82	83	82	82	99	2	-1
83	84	83	83	99	2	-1
84	85	84	84	99	2	-1
85	86	85	85	99	2	-1
86	87	86	86	99	2	-1
87	88	87	87	99	2	-1
88	89	88	88	99	2	-1
89	90	89	89	99	2	-1
90	91	90	90	99	2	-1
91	92	91	91	99	2	-1
92	93	92	92	99	2	-1
93	94	93	93	99	2	-1
94	95	94	94	99	2	-1
95	96	95	95	99	2	-1
96	97	96	96	99	2	-1
97	98	97	97	99	2	-1
98	99	98	98	99	2	-1
0	1	0	0	100	2	-1
1	2	1	1	100	2	-1
2	3	2	2	100	2	-1
3	4	3	3	100	2	-1
4	5	4	4	100	2	-1
5	6	5	5	100	2	-1
6	7	6	6	100	2	-1
7	8	7	7	100	2	-1
8	9	8	8	100	2	-1
9	10	9	9	100	2	-1
10	11	10	10	100	2	-1
11	12	11	11	100	2	-1
12	13	12	12	100	2	-1
13	14	13	13	100	2	-1
14	15	14	14	100	2	-1
15	16	15	15	100	2	-1
16	17	16	16	100	2	-1
17	18	17	17	100	2	-1
18	19	18	18	100	2	-1
19	20	19	19	100	2	-1
20	21	20	20	100	2	-1
21	22	21	21	100	2	-1
22	23	22	22	100	2	-1
23	24	23	23	100	2	-1
24	25	24	24	100	2	-1
25	26	25	25	100	2	-1
26	27	26	26	100	2	-1
27	28	27	27	100	2	-1
28	29	28	28	100	2	-1
29	30	29	29	100	2	-1
30	31	30	30	100	2	-1
31	32	31	31	100	2	-1
32	33	32	32	100	2	-1
33	34	33	33	100	2	-1
34	35	34	34	100	2	-1
35	36	35	35	100	2	-1
36	37	36	36	100	2	-1
37	38	37	37	100	2	-1
38	39	38	38	100	2	-1
39	40	39	39	100	2	-1
40	41	40	40	100	2	-1
41	42	41	41	100	2	-1
42	43	42	42	100	2	-1
43	44	43	43	100	2	-1
44	45	44	44	100	2	-1
45	46	45	45	100	2	-1
46	47	46	46	100	2	-1
47	48	47	47	100	2	-1
48	49	48	48	100	2	-1
49	50	49	49	100	2	-1
50	51	50	50	100	2	-1
51	52	51	51	100	2	-1
52	53	52	52	100	2	-1
53	54	53	53	100	2	-1
54	55	54	54	100	2	-1
55	56	55	55	100	2	-1
56	57	56	56	100	2	-1
57	58	57	57	100	2	-1
58	59	58	58	100	2	-1
59	60	59	59	100	2	-1
60	61	60	60	100	2	-1
61	62	61	61	100	2	-1
62	63	62	62	100	2	-1
63	64	63	63	100	2	-1
64	65	64	64	100	2	-1
65	66	65	65	100	2	-1
66	67	66	66	100	2	-1
67	68	67	67	100	2	-1
68	69	68	68	100	2	-1
69	70	69	69	100	2	-1
70	71	70	70	100	2	-1
71	72	71	71	100	2	-1
72	73	72	72	100	2	-1
73	74	73	73	100	2	-1
74	75	74	74	100	2	-1
75	76	75	75	100	2	-1
76	77	76	76	100	2	-1
77	78	77	77	100	2	-1
78	79	78	78	100	2	-1
79	80	79	79	100	2	-1
80	81	80	80	100	2	-1
81	82	81	81	100	2	-1
82	83	82	82	100	2	-1
83	84	83	83	100	2	-1
84	85	84	84	100	2	-1
85	86	85	85	100	2	-1
86	87	86	86	100	2	-1
87	88	87	87	100	2	-1
88	89	88	88	100	2	-1
89	90	89	89	100	2	-1
90	91	90	90	100	2	-1
91	92	91	91	100	2	-1
92	93	92	92	100	2	-1
93	94	93	93	100	2	-1
94	95	94	94	100	2	-1
95	96	95	95	100	2	-1
96	97	96	96	100	2	-1
97	98	97	97	100	2	-1
98	99	98	98	100	2	-1
99	100	99	99	100	2	-1
