group	fill
1	#FF0000
2	#FF0000
3	#E5E5E5
4	#FF0000
5	#E5E5E5
6	#EADDD9
7	#FF0000
8	#EBDBD7
9	#E5E5E5
10	#F1D1C9
11	#FF0000
12	#EED7D1
13	#E8E1DF
14	#EFD5CF
15	#E5E5E5
16	#FF0000
17	#EED7D1
18	#E8E0DE
19	#ECDBD7
20	#E5E5E5
21	#E5E5E4
22	#FF0000
23	#EFD6CF
24	#E9DFDD
25	#E6E4E3
26	#E5E5E5
27	#E7E2E1
28	#E8E0DE
29	#FF0000
30	#EED6D0
31	#E9E0DD
32	#E8E1DF
33	#E5E5E5
34	#E6E4E4
35	#E5E4E4
36	#E5E5E5
37	#FF0000
38	#F3CDC3
39	#EFD6CF
40	#E5E5E5
41	#ECDAD5
42	#F0D3CB
43	#F3CEC4
44	#EFD5CE
45	#FEAE99
46	#FF0000
47	#F2CFC6
48	#EDD8D3
49	#E5E5E5
50	#EADDDA
51	#EDD9D4
52	#EED7D1
53	#EADEDB
54	#F1D1C8
55	#E6E3E2
56	#FF0000
57	#F2CFC5
58	#EED8D2
59	#E5E5E5
60	#EBDDD9
61	#EDD8D3
62	#EED6D0
63	#EADEDA
64	#F0D3CB
65	#E5E5E5
66	#E5E5E4
67	#FF0000
68	#F4CCC2
69	#EFD5CE
70	#E5E5E5
71	#EDD9D3
72	#F0D3CC
73	#F2D0C8
74	#EDD8D2
75	#F4CBC0
76	#E6E4E3
77	#E9DFDC
78	#EBDDD9
79	#FF0000
80	#F2CEC5
81	#EED8D2
82	#E5E5E5
83	#EBDCD9
84	#EDD9D3
85	#EED8D2
86	#EADEDB
87	#EED7D1
88	#E5E5E5
89	#E5E4E4
90	#E5E5E5
91	#EADEDB
92	#FF0000
93	#F0D3CC
94	#EBDDD9
95	#E5E5E5
96	#E7E2E1
97	#E8E0DE
98	#E8E1DF
99	#E5E5E5
100	#E7E2E1
101	#E7E2E1
102	#E6E4E4
103	#E8E1DF
104	#F5CABF
105	#F3CEC4
106	#FF0000
107	#F3CEC4
108	#EED7D1
109	#E5E5E5
110	#EBDCD8
111	#EDD8D3
112	#EED7D2
113	#EADEDB
114	#EED7D1
115	#E5E5E5
116	#E6E4E4
117	#E5E5E4
118	#E6E4E3
119	#E5E5E4
120	#FABCAC
121	#FF0000
122	#F0D4CD
123	#EADEDA
124	#E7E3E2
125	#E6E3E2
126	#E7E2E1
127	#E7E2E1
128	#E5E5E5
129	#E6E4E4
130	#EADDDA
131	#E9E0DD
132	#ECDBD7
133	#F6C7BB
134	#F3CEC5
135	#E8E0DE
136	#FF7C5D
137	#FF0000
138	#F0D2CB
139	#EBDCD8
140	#E6E4E3
141	#E7E1E0
142	#E8E0DE
143	#E8E0DE
144	#E6E4E4
145	#E7E2E1
146	#E7E2E0
147	#E6E3E2
148	#E8E1E0
149	#EED6D0
150	#EBDDD9
151	#E5E5E5
152	#F5CABF
153	#EBDCD8
154	#FF0000
155	#F0D3CB
156	#EBDCD9
157	#E6E4E3
158	#E7E2E0
159	#E8E1DF
160	#E8E1DF
161	#E5E4E4
162	#E7E3E2
163	#E7E1E0
164	#E6E3E2
165	#E8E1E0
166	#EED7D1
167	#EADDDA
168	#E5E5E5
169	#F2D0C7
170	#E7E1E0
171	#E5E5E5
172	#FF0000
173	#F1D1C9
174	#ECDBD6
175	#E5E5E4
176	#E8E0DE
177	#E9DEDC
178	#E9DFDC
179	#E6E3E2
180	#E8E0DE
181	#E6E4E4
182	#E5E5E5
183	#E5E4E4
184	#E9DFDC
185	#E6E3E2
186	#E6E4E4
187	#E9DFDC
188	#EDD9D4
189	#E8E1DF
190	#ECDAD5
191	#FF0000
192	#F1D1C8
193	#ECDAD6
194	#E5E5E4
195	#E9E0DD
196	#EADEDB
197	#EADEDB
198	#E7E2E1
199	#E9DFDD
200	#E6E4E4
201	#E5E5E5
202	#E5E5E4
203	#E8E1DF
204	#E6E4E3
205	#E6E3E3
206	#E8E1E0
207	#EDD9D3
208	#E8E0DE
209	#ECDBD7
210	#E6E4E4
211	#FF0000
212	#F3CDC3
213	#EED6D0
214	#E5E5E5
215	#EBDBD7
216	#EDD8D2
217	#EED7D1
218	#EADDDA
219	#EED8D2
220	#E5E5E5
221	#E6E3E3
222	#E6E4E3
223	#E5E5E5
224	#E6E4E3
225	#EDD8D3
226	#E5E4E4
227	#F9BEAE
228	#F6C7BB
229	#FCB8A6
230	#F8C3B5
231	#FEAD98
232	#FF0000
233	#F2D0C7
234	#EDD9D4
235	#E5E5E5
236	#E9DFDC
237	#EBDDD9
238	#EBDDD9
239	#E7E1E0
240	#EADEDB
241	#E5E5E5
242	#E5E5E5
243	#E5E5E5
244	#E7E3E2
245	#E5E5E5
246	#E7E2E1
247	#E6E4E3
248	#EED7D1
249	#EADEDB
250	#ECDAD6
251	#E7E2E1
252	#E6E3E2
253	#F8C3B5
254	#FF0000
255	#F3CEC4
256	#EED7D1
257	#E5E5E5
258	#EBDCD8
259	#EDD9D4
260	#EDD8D3
261	#EADEDB
262	#EDD9D4
263	#E5E5E5
264	#E6E4E3
265	#E6E4E4
266	#E5E5E5
267	#E5E4E4
268	#EBDBD7
269	#E5E5E5
270	#F5C9BE
271	#F1D2CA
272	#F4CABF
273	#EFD5CE
274	#F0D4CD
275	#E5E5E5
276	#F5C8BC
277	#FF0000
278	#F4CBC0
279	#F0D4CC
280	#E5E5E5
281	#EDD8D3
282	#F0D4CC
283	#F0D2CA
284	#EDD9D4
285	#F1D2CA
286	#E6E3E2
287	#E8E0DE
288	#E8E1DF
289	#E6E4E4
290	#E9E0DE
291	#F2D0C7
292	#E9E0DE
293	#FDB4A1
294	#FABDAE
295	#FDB19D
296	#FABDAD
297	#FBB8A6
298	#ECDBD6
299	#FF9C82
300	#FBB9A8
301	#FF0000
302	#F4CCC1
303	#EFD4CD
304	#E5E5E5
305	#EDD9D4
306	#EFD5CE
307	#F0D4CD
308	#ECDAD6
309	#F0D4CD
310	#E6E4E3
311	#E8E1DF
312	#E7E2E0
313	#E5E4E4
314	#E8E1E0
315	#F0D3CC
316	#E7E2E0
317	#FABCAC
318	#F6C6B9
319	#FABCAC
320	#F5C8BC
321	#F6C6B9
322	#E8E0DE
323	#FABDAD
324	#EED6D0
325	#E6E3E3
326	#FDB29F
327	#E9E0DD
328	#E7E3E2
329	#E5E4E4
330	#E5E4E4
331	#E6E4E4
332	#E6E4E4
333	#E5E5E5
334	#E5E5E5
335	#E6E4E3
336	#E6E4E4
337	#E6E4E3
338	#E8E1E0
339	#E6E3E2
340	#E5E5E5
341	#E8E1E0
342	#E5E5E5
343	#E5E5E5
344	#E5E5E5
345	#E6E3E2
346	#E7E2E1
347	#EFD4CD
348	#EADDD9
349	#F5C9BE
350	#FF8A6D
351	#FF0000
352	#FCB6A4
353	#E8E1DF
354	#E6E4E3
355	#E6E4E3
356	#E5E5E5
357	#E5E5E5
358	#E5E5E5
359	#E5E5E5
360	#E5E5E5
361	#E7E2E0
362	#E7E2E1
363	#E8E1DF
364	#EADDDA
365	#E9DFDC
366	#E7E3E2
367	#EBDCD8
368	#E6E4E3
369	#E7E1E0
370	#E8E1E0
371	#EBDCD9
372	#EDD9D4
373	#F7C4B7
374	#F3CEC4
375	#FDB29E
376	#FF6D4C
377	#FF0000
378	#FF4D2E
379	#F8C3B5
380	#E7E3E2
381	#E5E5E4
382	#E6E3E2
383	#E5E5E5
384	#E5E5E5
385	#E5E5E5
386	#E6E4E3
387	#E6E4E4
388	#E9DFDC
389	#E9DFDD
390	#EADEDA
391	#EDD9D4
392	#ECDBD6
393	#EADEDC
394	#EFD6CF
395	#E9DFDD
396	#ECDBD7
397	#ECDAD5
398	#F0D3CB
399	#F3CEC4
400	#FCB6A4
401	#FABEAE
402	#FF9F86
403	#FF5E3E
404	#FF0000
405	#FF4427
406	#FF5838
407	#F7C4B7
408	#E6E3E3
409	#E5E5E5
410	#E7E3E2
411	#E5E5E5
412	#E5E5E5
413	#E5E5E4
414	#E6E3E2
415	#E6E3E3
416	#EADDDA
417	#EADDDA
418	#ECDBD7
419	#EFD6CF
420	#EED7D1
421	#EBDBD7
422	#F1D1C9
423	#EBDCD8
424	#EED7D0
425	#EFD5CE
426	#F3CCC2
427	#F6C6B9
428	#FFAC97
429	#FDB3A0
430	#FF9478
431	#FF5434
432	#FF0000
433	#FF381E
434	#FF5131
435	#FF4C2E
436	#F6C8BB
437	#E6E4E3
438	#E5E5E5
439	#E7E2E1
440	#E5E4E4
441	#E5E4E4
442	#E6E4E3
443	#E7E2E1
444	#E7E2E1
445	#ECDBD6
446	#ECDBD6
447	#EDD8D3
448	#F0D2CA
449	#F0D3CC
450	#EED7D2
451	#F3CCC2
452	#EED7D2
453	#F1D1C9
454	#F2CFC6
455	#F6C5B9
456	#F9BEAF
457	#FFA48C
458	#FFAA94
459	#FF8A6D
460	#FF4D2E
461	#FF0000
462	#FF3219
463	#FF4A2C
464	#FF4629
465	#FF4F30
466	#F5C9BE
467	#E6E4E4
468	#E5E5E5
469	#E8E1E0
470	#E6E4E4
471	#E6E4E3
472	#E6E3E2
473	#E8E1DF
474	#E8E1DF
475	#EDD9D4
476	#EDD9D3
477	#EFD6CF
478	#F2CFC6
479	#F2D0C8
480	#EFD4CD
481	#F5C8BD
482	#F0D4CC
483	#F3CDC3
484	#F4CABF
485	#F9C0B1
486	#FBB8A7
487	#FF9D84
488	#FFA38B
489	#FF8365
490	#FF4729
491	#FF0000
492	#FF2C15
493	#FF4527
494	#FF4023
495	#FF4A2B
496	#FF4B2D
497	#F4CBC1
498	#E5E4E4
499	#E5E5E5
500	#E8E1DF
501	#E6E4E3
502	#E6E3E2
503	#E7E2E1
504	#E9E0DD
505	#E9E0DD
506	#EED7D1
507	#EED7D1
508	#F0D4CC
509	#F3CDC3
510	#F3CDC4
511	#F1D1C9
512	#F7C5B8
513	#F2D0C7
514	#F5C9BD
515	#F6C6B9
516	#FABBAA
517	#FDB39F
518	#FF977D
519	#FF9C83
520	#FF7D5E
521	#FF4326
522	#FF0000
523	#FF2913
524	#FF4124
525	#FF3C21
526	#FF4528
527	#FF4729
528	#FF4B2C
529	#F4CCC1
530	#E5E5E4
531	#E5E5E5
532	#E8E0DE
533	#E6E3E3
534	#E7E3E2
535	#E7E2E0
536	#E9DFDC
537	#E9DFDC
538	#EFD6CF
539	#EFD5CE
540	#F1D2C9
541	#F4CAC0
542	#F4CBC0
543	#F2CFC5
544	#F8C2B4
545	#F3CDC3
546	#F7C5B9
547	#F8C2B4
548	#FCB7A5
549	#FEAE9A
550	#FF9377
551	#FF987D
552	#FF7959
553	#FF4023
554	#FF0000
555	#FF230F
556	#FF3D21
557	#FF371D
558	#FF4124
559	#FF4225
560	#FF4629
561	#FF4628
562	#F2CFC5
563	#E5E5E5
564	#E5E5E5
565	#E8E0DE
566	#E7E3E2
567	#E7E2E1
568	#E8E1DF
569	#EADEDB
570	#EADDDA
571	#F0D4CD
572	#F0D3CC
573	#F2D0C7
574	#F5C8BC
575	#F5C8BD
576	#F4CCC1
577	#F9BFAF
578	#F5CABE
579	#F8C1B3
580	#F9BEAE
581	#FDB29F
582	#FFA993
583	#FF8E72
584	#FF9277
585	#FF7454
586	#FF3D21
587	#FF0000
588	#FF240F
589	#FF3B20
590	#FF371C
591	#FF3F23
592	#FF4124
593	#FF4427
594	#FF4527
595	#FF4628
596	#F1D1C9
597	#E5E5E5
598	#E5E5E5
599	#E9E0DD
600	#E7E2E1
601	#E7E1E0
602	#E8E0DE
603	#EBDDD9
604	#EBDCD8
605	#F0D2CB
606	#F1D1C9
607	#F3CEC4
608	#F6C6BA
609	#F6C6B9
610	#F5C9BD
611	#FABCAB
612	#F6C6B9
613	#FABEAE
614	#FBB9A8
615	#FEAE99
616	#FFA58D
617	#FF8A6D
618	#FF8D71
619	#FF7050
620	#FF3B20
621	#FF0000
622	#FF2410
623	#FF391E
624	#FF361C
625	#FF3D22
626	#FF3F23
627	#FF4124
628	#FF4125
629	#FF3F23
630	#FF3F23
631	#F0D3CB
632	#E5E5E5
633	#E5E5E4
634	#E9DFDD
635	#E7E2E0
636	#E8E1DF
637	#E9DFDD
638	#EBDBD7
639	#ECDBD6
640	#F1D1C9
641	#F2D0C7
642	#F4CCC1
643	#F7C4B7
644	#F7C4B6
645	#F6C6BA
646	#FBB9A8
647	#F8C3B5
648	#FBBAA9
649	#FCB6A3
650	#FFAA94
651	#FFA188
652	#FF8769
653	#FF896C
654	#FF6C4C
655	#FF391E
656	#FF0000
657	#FF2410
658	#FF371D
659	#FF351B
660	#FF3B20
661	#FF3D21
662	#FF3E22
663	#FF3E22
664	#FF3B20
665	#FF3B20
666	#FF3D21
667	#EFD5CF
668	#E5E5E5
669	#E6E4E4
670	#E9DFDC
671	#E8E1DF
672	#E9E0DE
673	#EADEDB
674	#ECDAD6
675	#EDD9D4
676	#F2D0C7
677	#F3CEC4
678	#F5CABF
679	#F8C2B4
680	#F8C1B3
681	#F7C4B6
682	#FCB6A4
683	#F9BFB0
684	#FCB7A5
685	#FDB29E
686	#FFA68F
687	#FF9D83
688	#FF8365
689	#FF8567
690	#FF6948
691	#FF381D
692	#FF0000
693	#FF2510
694	#FF351B
695	#FF341B
696	#FF391E
697	#FF391E
698	#FF391E
699	#FF381D
700	#FF3219
701	#FF3118
702	#FF3219
703	#FF3118
704	#EED7D0
705	#E5E5E5
706	#E6E4E4
707	#EADEDB
708	#E8E0DE
709	#E9DFDD
710	#EADDDA
711	#EDD9D4
712	#EDD8D3
713	#F3CEC5
714	#F3CDC2
715	#F5C8BC
716	#F8C1B2
717	#F9BFB0
718	#F8C1B3
719	#FCB4A1
720	#FABDAD
721	#FDB4A1
722	#FEAF9A
723	#FFA38B
724	#FF997F
725	#FF8162
726	#FF8263
727	#FF6646
728	#FF371C
729	#FF0000
730	#FF2410
731	#FF331A
732	#FF331A
733	#FF361C
734	#FF371D
735	#FF361C
736	#FF351B
737	#FF2E16
738	#FF2D15
739	#FF2F17
740	#FF2F17
741	#FF361C
742	#EED7D2
743	#E5E5E5
744	#E6E4E3
745	#EADEDB
746	#E8E0DE
747	#E9DFDC
748	#EBDDD9
749	#EDD8D3
750	#EED7D1
751	#F3CDC3
752	#F4CBC1
753	#F6C7BA
754	#F9BFB0
755	#F9BEAE
756	#F9C0B0
757	#FDB29F
758	#FBBBAA
759	#FDB19E
760	#FFAC97
761	#FFA088
762	#FF977C
763	#FF7E5F
764	#FF7F60
765	#FF6443
766	#FF351B
767	#FF0000
768	#FF240F
769	#FF3219
770	#FF3119
771	#FF351B
772	#FF351B
773	#FF341B
774	#FF331A
775	#FF2C15
776	#FF2C15
777	#FF2E16
778	#FF2E16
779	#FF341A
780	#FF351B
781	#EDD8D2
782	#E5E5E5
783	#E6E4E3
784	#EADEDA
785	#E9E0DD
786	#EADEDB
787	#EBDCD8
788	#EED8D2
789	#EED6D0
790	#F4CCC2
791	#F4CABF
792	#F6C6B9
793	#F9BEAE
794	#FABCAC
795	#F9BEAE
796	#FEB19D
797	#FBB9A7
798	#FEAF9B
799	#FFAA94
800	#FF9E85
801	#FF9479
802	#FF7C5D
803	#FF7D5D
804	#FF6242
805	#FF341B
806	#FF0000
807	#FF230F
808	#FF3118
809	#FF3018
810	#FF341A
811	#FF341A
812	#FF331A
813	#FF3219
814	#FF2C15
815	#FF2C15
816	#FF2E16
817	#FF2F17
818	#FF331A
819	#FF341A
820	#FF341A
821	#EDD9D3
822	#E5E5E5
823	#E6E4E3
824	#EADDDA
825	#E9DFDD
826	#EADEDA
827	#EBDBD7
828	#EED7D1
829	#EFD5CF
830	#F4CBC1
831	#F5C9BE
832	#F7C4B7
833	#FABCAC
834	#FABBAA
835	#FABCAC
836	#FEAF9A
837	#FCB7A5
838	#FEAD98
839	#FFA891
840	#FF9C82
841	#FF9276
842	#FF7A5B
843	#FF7B5B
844	#FF6040
845	#FF331A
846	#FF0000
847	#FF220E
848	#FF3017
849	#FF2F17
850	#FF3219
851	#FF331A
852	#FF3219
853	#FF3118
854	#FF2C14
855	#FF2B14
856	#FF2D16
857	#FF2E16
858	#FF3219
859	#FF3319
860	#FF331A
861	#FF3319
862	#ECDAD5
863	#E5E5E5
864	#E6E3E3
865	#EADDDA
866	#E9DFDC
867	#EADDDA
868	#ECDBD6
869	#EED6D0
870	#EFD5CE
871	#F4CABF
872	#F5C8BC
873	#F7C3B5
874	#FABBAB
875	#FBB9A8
876	#FBBAAA
877	#FEAD98
878	#FCB5A2
879	#FFAB96
880	#FFA68E
881	#FF9A7F
882	#FF9074
883	#FF7859
884	#FF7858
885	#FF5E3E
886	#FF3219
887	#FF0000
888	#FF220E
889	#FF2E16
890	#FF2E16
891	#FF3018
892	#FF3018
893	#FF2E16
894	#FF2C15
895	#FF2611
896	#FF2510
897	#FF2711
898	#FF2712
899	#FF2D15
900	#FF2E16
901	#FF2E16
902	#FF2C15
903	#FF2912
904	#ECDAD6
905	#E5E5E5
906	#E6E3E3
907	#EADDD9
908	#E9DEDC
909	#EBDDD9
910	#ECDAD5
911	#EFD5CF
912	#F0D4CC
913	#F5C9BE
914	#F6C7BB
915	#F8C2B4
916	#FBBAA9
917	#FBB8A7
918	#FBB9A8
919	#FFAC96
920	#FDB3A0
921	#FFA993
922	#FFA48C
923	#FF987D
924	#FF8E71
925	#FF7757
926	#FF7656
927	#FF5D3C
928	#FF3219
929	#FF0000
930	#FF220E
931	#FF2D15
932	#FF2D16
933	#FF2F17
934	#FF2F17
935	#FF2D15
936	#FF2B14
937	#FF240F
938	#FF230F
939	#FF2510
940	#FF2611
941	#FF2B14
942	#FF2C15
943	#FF2C15
944	#FF2B14
945	#FF2913
946	#FF2E16
947	#ECDAD5
948	#E5E5E5
949	#E6E3E3
950	#EBDDD9
951	#EADEDB
952	#EBDCD9
953	#ECDAD5
954	#EFD5CE
955	#F0D3CC
956	#F5C9BD
957	#F6C6BA
958	#F8C1B3
959	#FBB9A8
960	#FCB7A5
961	#FBB8A7
962	#FFAB95
963	#FDB29E
964	#FFA892
965	#FFA38B
966	#FF977C
967	#FF8D70
968	#FF7555
969	#FF7555
970	#FF5C3C
971	#FF3118
972	#FF0000
973	#FF200D
974	#FF2D15
975	#FF2D15
976	#FF3017
977	#FF3018
978	#FF2F17
979	#FF2E16
980	#FF2A14
981	#FF2A14
982	#FF2C15
983	#FF2D15
984	#FF2F17
985	#FF3017
986	#FF3018
987	#FF3018
988	#FF3018
989	#FF2B14
990	#FF1F0C
991	#ECDAD5
992	#E5E5E5
993	#E6E3E2
994	#EBDCD9
995	#EADEDB
996	#EBDCD8
997	#EDD9D4
998	#EFD5CE
999	#F0D3CB
1000	#F5C8BC
1001	#F6C6B9
1002	#F8C0B2
1003	#FBB8A7
1004	#FCB6A4
1005	#FCB7A5
1006	#FFAA94
1007	#FDB19D
1008	#FFA791
1009	#FFA289
1010	#FF957A
1011	#FF8C6F
1012	#FF7454
1013	#FF7454
1014	#FF5B3B
1015	#FF3017
1016	#FF0000
1017	#FF1F0D
1018	#FF2C15
1019	#FF2C15
1020	#FF2F17
1021	#FF3017
1022	#FF2F17
1023	#FF2F17
1024	#FF2C14
1025	#FF2C15
1026	#FF2D16
1027	#FF2E16
1028	#FF3017
1029	#FF3017
1030	#FF3017
1031	#FF2F17
1032	#FF2F17
1033	#FF2913
1034	#FF1F0C
1035	#FF2E16
1036	#EDD9D5
1037	#E5E5E5
1038	#E6E3E2
1039	#EBDCD8
1040	#EADEDB
1041	#EBDCD8
1042	#EDD9D4
1043	#F0D4CD
1044	#F0D2CA
1045	#F6C7BB
1046	#F7C5B8
1047	#F9C0B1
1048	#FCB7A5
1049	#FCB5A3
1050	#FCB6A4
1051	#FFA992
1052	#FEB09C
1053	#FFA68F
1054	#FFA188
1055	#FF9579
1056	#FF8B6E
1057	#FF7353
1058	#FF7353
1059	#FF5A3A
1060	#FF2F17
1061	#FF0000
1062	#FF1E0C
1063	#FF2C15
1064	#FF2C15
1065	#FF2F17
1066	#FF3018
1067	#FF3118
1068	#FF3018
1069	#FF2F17
1070	#FF2F17
1071	#FF3018
1072	#FF3018
1073	#FF3018
1074	#FF2F17
1075	#FF2E16
1076	#FF2D16
1077	#FF2C15
1078	#FF1E0C
1079	#FF0401
1080	#FF220E
1081	#FF210E
1082	#ECDAD5
1083	#E5E5E5
1084	#E6E3E2
1085	#EBDCD8
1086	#EADEDA
1087	#EBDCD7
1088	#EDD9D3
1089	#F0D4CC
1090	#F1D2CA
1091	#F6C7BA
1092	#F7C4B7
1093	#F9BFB0
1094	#FCB6A4
1095	#FCB4A2
1096	#FCB5A3
1097	#FFA891
1098	#FEAF9A
1099	#FFA58E
1100	#FF9F87
1101	#FF9378
1102	#FF896C
1103	#FF7252
1104	#FF7252
1105	#FF5939
1106	#FF2E16
1107	#FF0000
1108	#FF1E0B
1109	#FF2C15
1110	#FF2B14
1111	#FF2F17
1112	#FF3017
1113	#FF3018
1114	#FF3017
1115	#FF2E16
1116	#FF2E16
1117	#FF2F17
1118	#FF3017
1119	#FF3017
1120	#FF2F17
1121	#FF2E16
1122	#FF2D16
1123	#FF2C15
1124	#FF220E
1125	#FF1607
1126	#FF2712
1127	#FF2A13
1128	#FF3017
1129	#ECDAD5
1130	#E5E5E5
1131	#E6E3E2
1132	#EBDCD8
1133	#EADDDA
1134	#EBDBD7
1135	#EDD8D3
1136	#F0D3CC
1137	#F1D1C9
1138	#F6C6BA
1139	#F7C3B6
1140	#F9BEAF
1141	#FCB6A3
1142	#FDB3A0
1143	#FCB4A1
1144	#FFA790
1145	#FEAE99
1146	#FFA48C
1147	#FF9E85
1148	#FF9276
1149	#FF886B
1150	#FF7151
1151	#FF7151
1152	#FF5838
1153	#FF2E16
1154	#FF0000
1155	#FF1D0B
1156	#FF2B14
1157	#FF2A14
1158	#FF2E16
1159	#FF2F17
1160	#FF2F17
1161	#FF2F17
1162	#FF2D16
1163	#FF2E16
1164	#FF2F17
1165	#FF2F17
1166	#FF2F17
1167	#FF2E16
1168	#FF2D16
1169	#FF2D15
1170	#FF2C15
1171	#FF230F
1172	#FF1B0A
1173	#FF2812
1174	#FF2B14
1175	#FF2F17
1176	#FF2F17
1177	#ECDAD6
1178	#E5E5E5
1179	#E6E3E2
1180	#EBDCD8
1181	#EADDDA
1182	#ECDBD7
1183	#EDD8D2
1184	#F0D3CB
1185	#F1D1C8
1186	#F6C6B9
1187	#F8C3B5
1188	#FABDAE
1189	#FCB5A2
1190	#FDB39F
1191	#FDB3A0
1192	#FFA68E
1193	#FFAD97
1194	#FFA38B
1195	#FF9D84
1196	#FF9175
1197	#FF8769
1198	#FF7050
1199	#FF7050
1200	#FF5737
1201	#FF2D16
1202	#FF0000
1203	#FF1D0B
1204	#FF2B14
1205	#FF2A13
1206	#FF2E16
1207	#FF2E16
1208	#FF2F17
1209	#FF2E17
1210	#FF2D15
1211	#FF2D16
1212	#FF2E16
1213	#FF2F17
1214	#FF2E16
1215	#FF2E16
1216	#FF2D15
1217	#FF2D15
1218	#FF2C15
1219	#FF2410
1220	#FF1E0C
1221	#FF2913
1222	#FF2B14
1223	#FF2F17
1224	#FF2F17
1225	#FF2F17
1226	#ECDBD7
1227	#E5E5E5
1228	#E7E3E2
1229	#EBDBD7
1230	#EADDD9
1231	#ECDBD6
1232	#EED7D2
1233	#F1D2CA
1234	#F2D0C7
1235	#F7C5B8
1236	#F8C2B4
1237	#FABDAD
1238	#FDB4A1
1239	#FDB29E
1240	#FDB29F
1241	#FFA58D
1242	#FFAB96
1243	#FFA289
1244	#FF9C82
1245	#FF9073
1246	#FF8668
1247	#FF6F4F
1248	#FF6F4E
1249	#FF5636
1250	#FF2D15
1251	#FF0000
1252	#FF1D0B
1253	#FF2A13
1254	#FF2A13
1255	#FF2D15
1256	#FF2D16
1257	#FF2D16
1258	#FF2D16
1259	#FF2B14
1260	#FF2B14
1261	#FF2D15
1262	#FF2D16
1263	#FF2D16
1264	#FF2D16
1265	#FF2D15
1266	#FF2D15
1267	#FF2C15
1268	#FF2712
1269	#FF240F
1270	#FF2B14
1271	#FF2D15
1272	#FF2D15
1273	#FF2D15
1274	#FF2C15
1275	#FF2B14
1276	#ECDBD7
1277	#E5E5E5
1278	#E7E3E2
1279	#EBDBD7
1280	#EBDDD9
1281	#ECDAD6
1282	#EED7D1
1283	#F1D2CA
1284	#F2D0C7
1285	#F7C4B7
1286	#F8C2B3
1287	#FABCAC
1288	#FDB3A0
1289	#FDB19D
1290	#FDB29E
1291	#FFA48C
1292	#FFAA95
1293	#FFA188
1294	#FF9B81
1295	#FF8F72
1296	#FF8567
1297	#FF6E4E
1298	#FF6E4D
1299	#FF5536
1300	#FF2C15
1301	#FF0000
1302	#FF1D0B
1303	#FF2913
1304	#FF2913
1305	#FF2C15
1306	#FF2D16
1307	#FF2D16
1308	#FF2D15
1309	#FF2B14
1310	#FF2B14
1311	#FF2C15
1312	#FF2D15
1313	#FF2D16
1314	#FF2D15
1315	#FF2C15
1316	#FF2C15
1317	#FF2C15
1318	#FF2711
1319	#FF230F
1320	#FF2B14
1321	#FF2C15
1322	#FF2D15
1323	#FF2D16
1324	#FF2D15
1325	#FF2D15
1326	#FF2D15
1327	#ECDBD6
1328	#E5E5E5
1329	#E7E3E2
1330	#ECDBD7
1331	#EBDDD9
1332	#ECDAD6
1333	#EED7D1
1334	#F1D2C9
1335	#F2CFC6
1336	#F7C4B7
1337	#F8C1B3
1338	#FABCAB
1339	#FDB3A0
1340	#FEB19C
1341	#FDB19D
1342	#FFA38B
1343	#FFAA94
1344	#FFA088
1345	#FF9B80
1346	#FF8E72
1347	#FF8566
1348	#FF6E4D
1349	#FF6E4D
1350	#FF5536
1351	#FF2C15
1352	#FF0100
1353	#FF1C0A
1354	#FF2A13
1355	#FF2913
1356	#FF2D16
1357	#FF2E16
1358	#FF2F17
1359	#FF2F17
1360	#FF2E16
1361	#FF2F17
1362	#FF2F17
1363	#FF2F17
1364	#FF2D16
1365	#FF2C15
1366	#FF2A14
1367	#FF2A13
1368	#FF2913
1369	#FF1F0C
1370	#FF1607
1371	#FF2410
1372	#FF2711
1373	#FF2D16
1374	#FF2C15
1375	#FF2B14
1376	#FF2A13
1377	#FF1B0A
1378	#FF0000
1379	#ECDBD6
1380	#E5E5E5
1381	#E7E3E2
1382	#ECDBD7
1383	#EBDCD9
1384	#ECDAD5
1385	#EED7D1
1386	#F1D1C9
1387	#F2CFC6
1388	#F7C4B6
1389	#F8C1B2
1390	#FABBAA
1391	#FDB29F
1392	#FEB09C
1393	#FEB09C
1394	#FFA28A
1395	#FFA993
1396	#FFA087
1397	#FF9A7F
1398	#FF8D71
1399	#FF8465
1400	#FF6D4C
1401	#FF6D4C
1402	#FF5535
1403	#FF2B14
1404	#FF0000
1405	#FF1B0A
1406	#FF2913
1407	#FF2812
1408	#FF2C15
1409	#FF2D16
1410	#FF2E16
1411	#FF2E16
1412	#FF2E16
1413	#FF2E16
1414	#FF2E17
1415	#FF2E16
1416	#FF2D15
1417	#FF2B14
1418	#FF2913
1419	#FF2913
1420	#FF2712
1421	#FF1D0B
1422	#FF1506
1423	#FF230F
1424	#FF2510
1425	#FF2C15
1426	#FF2B14
1427	#FF2A14
1428	#FF2913
1429	#FF1D0B
1430	#FF1607
1431	#FF2D16
1432	#ECDAD6
1433	#E5E5E5
1434	#E7E3E2
1435	#ECDBD7
1436	#EBDCD9
1437	#ECDAD5
1438	#EED7D1
1439	#F1D1C9
1440	#F2CFC6
1441	#F7C4B6
1442	#F8C1B2
1443	#FABBAA
1444	#FDB29F
1445	#FEB09C
1446	#FDB19D
1447	#FFA38B
1448	#FFAA94
1449	#FFA087
1450	#FF9A80
1451	#FF8E72
1452	#FF8566
1453	#FF6E4E
1454	#FF6E4E
1455	#FF5737
1456	#FF3018
1457	#FF1005
1458	#FF210E
1459	#FF2E16
1460	#FF2D15
1461	#FF3118
1462	#FF3219
1463	#FF331A
1464	#FF341A
1465	#FF341A
1466	#FF341A
1467	#FF341A
1468	#FF331A
1469	#FF3018
1470	#FF2E16
1471	#FF2C15
1472	#FF2B14
1473	#FF2913
1474	#FF1C0A
1475	#FF1004
1476	#FF220E
1477	#FF2410
1478	#FF2D16
1479	#FF2B14
1480	#FF2913
1481	#FF2611
1482	#FF1205
1483	#FF0000
1484	#FF2913
1485	#FF2510
1486	#ECDAD6
1487	#E5E5E5
1488	#E7E3E2
1489	#ECDBD6
1490	#EBDCD8
1491	#ECDAD5
1492	#EED6D0
1493	#F1D1C8
1494	#F2CEC5
1495	#F8C3B5
1496	#F9C0B1
1497	#FBBAA9
1498	#FDB19D
1499	#FEAF9A
1500	#FEAF9B
1501	#FFA189
1502	#FFA892
1503	#FF9E85
1504	#FF987E
1505	#FF8C6F
1506	#FF8264
1507	#FF6B4B
1508	#FF6C4B
1509	#FF5434
1510	#FF2A14
1511	#FF0000
1512	#FF1909
1513	#FF2812
1514	#FF2712
1515	#FF2C15
1516	#FF2D16
1517	#FF2E16
1518	#FF2F17
1519	#FF2F17
1520	#FF2F17
1521	#FF2F17
1522	#FF2E16
1523	#FF2B14
1524	#FF2812
1525	#FF2611
1526	#FF2510
1527	#FF230F
1528	#FF1406
1529	#FF0501
1530	#FF1C0A
1531	#FF1F0C
1532	#FF2812
1533	#FF2611
1534	#FF2510
1535	#FF220E
1536	#FF1105
1537	#FF0802
1538	#FF2712
1539	#FF2812
1540	#FF2913
1541	#ECDBD7
1542	#E5E5E5
1543	#E7E3E1
1544	#ECDBD6
1545	#EBDCD8
1546	#EDD9D4
1547	#EFD6D0
1548	#F2D0C8
1549	#F3CEC4
1550	#F8C2B4
1551	#F9BFB0
1552	#FBB9A8
1553	#FEB09C
1554	#FEAE99
1555	#FEAF9A
1556	#FFA088
1557	#FFA791
1558	#FF9D84
1559	#FF977D
1560	#FF8B6E
1561	#FF8263
1562	#FF6B4A
1563	#FF6B4A
1564	#FF5333
1565	#FF2A14
1566	#FF0000
1567	#FF1909
1568	#FF2812
1569	#FF2711
1570	#FF2B14
1571	#FF2C15
1572	#FF2E16
1573	#FF2E16
1574	#FF2E16
1575	#FF2E16
1576	#FF2E16
1577	#FF2E16
1578	#FF2B14
1579	#FF2913
1580	#FF2712
1581	#FF2711
1582	#FF2510
1583	#FF1A09
1584	#FF1205
1585	#FF200D
1586	#FF230F
1587	#FF2A13
1588	#FF2913
1589	#FF2812
1590	#FF2711
1591	#FF1E0C
1592	#FF1D0B
1593	#FF2B14
1594	#FF2C15
1595	#FF2711
1596	#FF2B14
1597	#ECDBD7
1598	#E5E5E5
1599	#E7E2E1
1600	#ECDAD6
1601	#EBDCD8
1602	#EDD9D4
1603	#EFD6CF
1604	#F2D0C7
1605	#F3CEC4
1606	#F8C2B4
1607	#F9BFAF
1608	#FBB9A8
1609	#FEB09C
1610	#FEAD98
1611	#FEAE99
1612	#FFA087
1613	#FFA790
1614	#FF9D83
1615	#FF977C
1616	#FF8B6D
1617	#FF8162
1618	#FF6A4A
1619	#FF6A4A
1620	#FF5233
1621	#FF2A13
1622	#FF0000
1623	#FF1909
1624	#FF2812
1625	#FF2711
1626	#FF2B14
1627	#FF2C15
1628	#FF2D16
1629	#FF2E16
1630	#FF2E16
1631	#FF2E16
1632	#FF2E16
1633	#FF2D16
1634	#FF2B14
1635	#FF2812
1636	#FF2711
1637	#FF2611
1638	#FF2410
1639	#FF1808
1640	#FF0F04
1641	#FF1F0C
1642	#FF220E
1643	#FF2913
1644	#FF2812
1645	#FF2711
1646	#FF2510
1647	#FF1D0B
1648	#FF1B0A
1649	#FF2A14
1650	#FF2B14
1651	#FF2812
1652	#FF2E16
1653	#FF2D15
1654	#ECDBD6
1655	#E5E5E5
1656	#E7E2E1
1657	#ECDAD6
1658	#EBDCD8
1659	#EDD9D4
1660	#EFD6CF
1661	#F2D0C7
1662	#F3CDC4
1663	#F8C1B3
1664	#F9BEAF
1665	#FBB8A7
1666	#FEAF9B
1667	#FEAD98
1668	#FEAE99
1669	#FF9F87
1670	#FFA68F
1671	#FF9C83
1672	#FF967C
1673	#FF8A6D
1674	#FF8162
1675	#FF6A49
1676	#FF6A4A
1677	#FF5233
1678	#FF2A13
1679	#FF0100
1680	#FF1808
1681	#FF2812
1682	#FF2611
1683	#FF2B14
1684	#FF2C15
1685	#FF2E16
1686	#FF2E16
1687	#FF2F17
1688	#FF2F17
1689	#FF2E16
1690	#FF2D16
1691	#FF2A13
1692	#FF2711
1693	#FF2410
1694	#FF230F
1695	#FF210D
1696	#FF1005
1697	#FF0000
1698	#FF1908
1699	#FF1C0B
1700	#FF2611
1701	#FF240F
1702	#FF220E
1703	#FF200D
1704	#FF1205
1705	#FF0E04
1706	#FF2510
1707	#FF2611
1708	#FF2812
1709	#FF2D15
1710	#FF2510
1711	#FF2410
1712	#ECDBD6
1713	#E5E5E5
1714	#E7E2E1
1715	#ECDAD6
1716	#EBDCD8
1717	#EDD9D4
1718	#EFD6CF
1719	#F2D0C7
1720	#F3CEC4
1721	#F8C2B3
1722	#F9BFAF
1723	#FBB9A7
1724	#FEB09C
1725	#FEAD98
1726	#FEAE99
1727	#FFA087
1728	#FFA790
1729	#FF9D84
1730	#FF977D
1731	#FF8B6E
1732	#FF8263
1733	#FF6B4B
1734	#FF6C4C
1735	#FF5535
1736	#FF2F17
1737	#FF1205
1738	#FF200D
1739	#FF2D16
1740	#FF2C15
1741	#FF3018
1742	#FF3119
1743	#FF331A
1744	#FF331A
1745	#FF341B
1746	#FF341A
1747	#FF331A
1748	#FF3219
1749	#FF2E16
1750	#FF2A14
1751	#FF2812
1752	#FF2611
1753	#FF240F
1754	#FF1205
1755	#FF0000
1756	#FF1A09
1757	#FF1D0B
1758	#FF2812
1759	#FF2510
1760	#FF230F
1761	#FF1F0D
1762	#FF0D03
1763	#FF0602
1764	#FF2510
1765	#FF2510
1766	#FF2913
1767	#FF2D15
1768	#FF200D
1769	#FF1D0B
1770	#FF2913
1771	#ECDAD6
1772	#E5E5E5
1773	#E7E3E1
1774	#ECDAD6
1775	#EBDCD8
1776	#EDD9D4
1777	#EFD6D0
1778	#F2D0C8
1779	#F3CEC4
1780	#F8C2B4
1781	#F9BFB0
1782	#FBBAA8
1783	#FDB19D
1784	#FEAE9A
1785	#FEAF9B
1786	#FFA189
1787	#FFA892
1788	#FF9F86
1789	#FF997F
1790	#FF8D71
1791	#FF8466
1792	#FF6F4E
1793	#FF6F4F
1794	#FF5939
1795	#FF371D
1796	#FF220E
1797	#FF2B14
1798	#FF361C
1799	#FF341B
1800	#FF381E
1801	#FF391E
1802	#FF3B20
1803	#FF3B20
1804	#FF3C21
1805	#FF3C20
1806	#FF3B1F
1807	#FF391E
1808	#FF351B
1809	#FF3118
1810	#FF2E16
1811	#FF2C15
1812	#FF2913
1813	#FF1808
1814	#FF0702
1815	#FF1E0C
1816	#FF210E
1817	#FF2C15
1818	#FF2812
1819	#FF2610
1820	#FF210E
1821	#FF0A03
1822	#FF0000
1823	#FF2510
1824	#FF2510
1825	#FF2B14
1826	#FF2C15
1827	#FF1909
1828	#FF1205
1829	#FF210E
1830	#FF2712
1831	#ECDBD6
1832	#E5E5E5
1833	#E7E2E1
1834	#ECDAD6
1835	#EBDCD8
1836	#EDD9D4
1837	#EFD5CF
1838	#F2D0C7
1839	#F3CDC3
1840	#F8C1B3
1841	#F9BEAF
1842	#FBB8A7
1843	#FEAF9B
1844	#FEAD98
1845	#FEAE99
1846	#FFA087
1847	#FFA790
1848	#FF9D83
1849	#FF977C
1850	#FF8B6E
1851	#FF8263
1852	#FF6C4B
1853	#FF6C4C
1854	#FF5636
1855	#FF3118
1856	#FF1808
1857	#FF230F
1858	#FF3017
1859	#FF2E16
1860	#FF331A
1861	#FF341A
1862	#FF351B
1863	#FF361C
1864	#FF371C
1865	#FF361C
1866	#FF351B
1867	#FF341B
1868	#FF2F17
1869	#FF2C15
1870	#FF2913
1871	#FF2712
1872	#FF2410
1873	#FF1305
1874	#FF0000
1875	#FF1A09
1876	#FF1D0B
1877	#FF2812
1878	#FF2510
1879	#FF230F
1880	#FF1F0C
1881	#FF0D03
1882	#FF0602
1883	#FF2510
1884	#FF2510
1885	#FF2913
1886	#FF2C15
1887	#FF220E
1888	#FF220E
1889	#FF2C15
1890	#FF2E17
1891	#FF2510
1892	#ECDAD6
1893	#E5E5E5
1894	#E7E2E1
1895	#ECDAD6
1896	#EBDCD8
1897	#EDD9D4
1898	#EFD6CF
1899	#F2D0C7
1900	#F3CEC4
1901	#F8C2B4
1902	#F9BFB0
1903	#FBB9A8
1904	#FEB09C
1905	#FEAE9A
1906	#FEAF9B
1907	#FFA189
1908	#FFA892
1909	#FF9F86
1910	#FF997F
1911	#FF8E71
1912	#FF8566
1913	#FF6F4F
1914	#FF7050
1915	#FF5B3A
1916	#FF3A1F
1917	#FF2711
1918	#FF2E16
1919	#FF391E
1920	#FF371D
1921	#FF3B20
1922	#FF3C20
1923	#FF3D22
1924	#FF3E22
1925	#FF3F23
1926	#FF3E22
1927	#FF3D21
1928	#FF3C20
1929	#FF361C
1930	#FF3219
1931	#FF2F17
1932	#FF2D16
1933	#FF2A14
1934	#FF1908
1935	#FF0702
1936	#FF1F0C
1937	#FF210E
1938	#FF2C15
1939	#FF2913
1940	#FF2510
1941	#FF210D
1942	#FF0A02
1943	#FF0000
1944	#FF2510
1945	#FF2410
1946	#FF2B14
1947	#FF2C15
1948	#FF1C0A
1949	#FF1909
1950	#FF2611
1951	#FF2C15
1952	#FF2F17
1953	#FF230F
1954	#ECDBD6
1955	#E5E5E5
1956	#E7E2E1
1957	#ECDAD6
1958	#EBDCD8
1959	#EDD9D4
1960	#EFD6CF
1961	#F2D0C7
1962	#F3CDC3
1963	#F8C1B3
1964	#F9BEAF
1965	#FBB9A7
1966	#FEB09B
1967	#FEAD98
1968	#FEAE99
1969	#FFA088
1970	#FFA791
1971	#FF9E84
1972	#FF987D
1973	#FF8C6F
1974	#FF8365
1975	#FF6E4E
1976	#FF6F4E
1977	#FF5939
1978	#FF381D
1979	#FF240F
1980	#FF2B14
1981	#FF361C
1982	#FF341B
1983	#FF391E
1984	#FF3A1F
1985	#FF3B20
1986	#FF3C20
1987	#FF3D21
1988	#FF3C21
1989	#FF3B20
1990	#FF391E
1991	#FF341B
1992	#FF3018
1993	#FF2D15
1994	#FF2B14
1995	#FF2812
1996	#FF1507
1997	#FF0100
1998	#FF1C0A
1999	#FF1F0C
2000	#FF2A14
2001	#FF2711
2002	#FF240F
2003	#FF1F0C
2004	#FF0802
2005	#FF0000
2006	#FF240F
2007	#FF240F
2008	#FF2913
2009	#FF2B14
2010	#FF1E0C
2011	#FF1D0B
2012	#FF2913
2013	#FF2D15
2014	#FF2D16
2015	#FF2C15
2016	#FF2C15
2017	#ECDBD6
2018	#E5E5E5
2019	#E7E2E1
2020	#ECDAD5
2021	#EBDCD7
2022	#EDD9D4
2023	#EFD5CF
2024	#F2D0C7
2025	#F3CDC3
2026	#F8C1B3
2027	#F9BEAF
2028	#FBB9A7
2029	#FEB09B
2030	#FEAD98
2031	#FEAE99
2032	#FFA088
2033	#FFA791
2034	#FF9E85
2035	#FF987E
2036	#FF8D70
2037	#FF8465
2038	#FF6E4E
2039	#FF6F4F
2040	#FF5A3A
2041	#FF391E
2042	#FF2611
2043	#FF2D16
2044	#FF381D
2045	#FF361C
2046	#FF3A1F
2047	#FF3B20
2048	#FF3D21
2049	#FF3D21
2050	#FF3E22
2051	#FF3E22
2052	#FF3C21
2053	#FF3B1F
2054	#FF351B
2055	#FF3118
2056	#FF2E16
2057	#FF2C15
2058	#FF2812
2059	#FF1607
2060	#FF0201
2061	#FF1C0B
2062	#FF1F0C
2063	#FF2B14
2064	#FF2711
2065	#FF240F
2066	#FF1F0C
2067	#FF0802
2068	#FF0000
2069	#FF240F
2070	#FF240F
2071	#FF2913
2072	#FF2B14
2073	#FF1E0C
2074	#FF1E0B
2075	#FF2913
2076	#FF2D15
2077	#FF2D16
2078	#FF2C15
2079	#FF2D16
2080	#FF2F17
2081	#ECDBD6
2082	#E5E5E5
2083	#E7E2E1
2084	#ECDAD5
2085	#EBDCD7
2086	#EDD9D4
2087	#EFD5CF
2088	#F2D0C7
2089	#F3CDC3
2090	#F8C1B3
2091	#F9BEAF
2092	#FBB9A7
2093	#FEB09C
2094	#FEAE99
2095	#FEAE9A
2096	#FFA188
2097	#FFA891
2098	#FF9E85
2099	#FF997E
2100	#FF8D70
2101	#FF8466
2102	#FF6F4F
2103	#FF7050
2104	#FF5B3B
2105	#FF3C20
2106	#FF2B14
2107	#FF3018
2108	#FF3B1F
2109	#FF391E
2110	#FF3D21
2111	#FF3E22
2112	#FF3F23
2113	#FF4023
2114	#FF4124
2115	#FF4024
2116	#FF3F22
2117	#FF3D21
2118	#FF371D
2119	#FF331A
2120	#FF3017
2121	#FF2D16
2122	#FF2A13
2123	#FF1808
2124	#FF0501
2125	#FF1E0B
2126	#FF210D
2127	#FF2C15
2128	#FF2812
2129	#FF2510
2130	#FF200D
2131	#FF0902
2132	#FF0000
2133	#FF2410
2134	#FF240F
2135	#FF2A13
2136	#FF2C15
2137	#FF1E0C
2138	#FF1E0B
2139	#FF2913
2140	#FF2D15
2141	#FF2E16
2142	#FF2C15
2143	#FF2E16
2144	#FF2F17
2145	#FF2F17
2146	#ECDBD6
2147	#E5E5E5
2148	#E7E2E1
2149	#ECDAD5
2150	#EBDBD7
2151	#EDD9D3
2152	#EFD5CE
2153	#F2CFC6
2154	#F3CDC3
2155	#F8C1B2
2156	#F9BEAE
2157	#FBB8A6
2158	#FEAF9B
2159	#FEAD98
2160	#FEAD99
2161	#FFA087
2162	#FFA790
2163	#FF9D84
2164	#FF987D
2165	#FF8C6F
2166	#FF8365
2167	#FF6E4E
2168	#FF6F4E
2169	#FF5A39
2170	#FF391E
2171	#FF2712
2172	#FF2E16
2173	#FF381E
2174	#FF361C
2175	#FF3A1F
2176	#FF3B20
2177	#FF3D21
2178	#FF3D21
2179	#FF3F23
2180	#FF3E22
2181	#FF3C21
2182	#FF3B1F
2183	#FF351B
2184	#FF3118
2185	#FF2D16
2186	#FF2B14
2187	#FF2812
2188	#FF1506
2189	#FF0000
2190	#FF1B0A
2191	#FF1E0C
2192	#FF2A13
2193	#FF2611
2194	#FF230F
2195	#FF1E0C
2196	#FF0702
2197	#FF0000
2198	#FF230F
2199	#FF230F
2200	#FF2913
2201	#FF2B14
2202	#FF1F0C
2203	#FF1F0C
2204	#FF2A13
2205	#FF2D15
2206	#FF2D15
2207	#FF2D15
2208	#FF2D15
2209	#FF2E16
2210	#FF2E16
2211	#FF2C15
2212	#ECDBD6
2213	#E5E5E5
2214	#E7E2E1
2215	#ECDAD5
2216	#ECDBD7
2217	#EDD8D3
2218	#EFD5CE
2219	#F2CFC5
2220	#F4CCC2
2221	#F9C0B1
2222	#FABDAD
2223	#FCB7A5
2224	#FEAE99
2225	#FFAC96
2226	#FFAC97
2227	#FF9E85
2228	#FFA58E
2229	#FF9C82
2230	#FF967B
2231	#FF8A6D
2232	#FF8162
2233	#FF6C4B
2234	#FF6C4C
2235	#FF5737
2236	#FF351B
2237	#FF210E
2238	#FF2913
2239	#FF341B
2240	#FF3219
2241	#FF371C
2242	#FF371D
2243	#FF391E
2244	#FF3A1F
2245	#FF3B1F
2246	#FF3A1F
2247	#FF391E
2248	#FF371D
2249	#FF3219
2250	#FF2E16
2251	#FF2A14
2252	#FF2812
2253	#FF2510
2254	#FF1306
2255	#FF0000
2256	#FF1A09
2257	#FF1D0B
2258	#FF2812
2259	#FF2510
2260	#FF230F
2261	#FF1F0C
2262	#FF0E04
2263	#FF0902
2264	#FF2410
2265	#FF2510
2266	#FF2913
2267	#FF2C15
2268	#FF240F
2269	#FF2410
2270	#FF2D15
2271	#FF2E16
2272	#FF2B14
2273	#FF2E16
2274	#FF2A13
2275	#FF2C15
2276	#FF2A14
2277	#FF230F
2278	#FF2410
2279	#ECDBD7
2280	#E5E5E5
2281	#E7E2E1
2282	#ECDAD5
2283	#ECDBD7
2284	#EDD8D3
2285	#EFD5CE
2286	#F2CFC5
2287	#F4CCC2
2288	#F9C0B1
2289	#FABDAD
2290	#FCB7A5
2291	#FEAE99
2292	#FFAB96
2293	#FFAC96
2294	#FF9E85
2295	#FFA58D
2296	#FF9B81
2297	#FF957A
2298	#FF8A6C
2299	#FF8162
2300	#FF6B4B
2301	#FF6C4C
2302	#FF5637
2303	#FF351B
2304	#FF210E
2305	#FF2912
2306	#FF341A
2307	#FF3219
2308	#FF361C
2309	#FF371D
2310	#FF391E
2311	#FF391E
2312	#FF3B1F
2313	#FF3A1F
2314	#FF381E
2315	#FF371D
2316	#FF3119
2317	#FF2D16
2318	#FF2A14
2319	#FF2812
2320	#FF2510
2321	#FF1305
2322	#FF0000
2323	#FF1A09
2324	#FF1D0B
2325	#FF2812
2326	#FF2510
2327	#FF230F
2328	#FF1F0C
2329	#FF0E04
2330	#FF0A03
2331	#FF2410
2332	#FF2510
2333	#FF2913
2334	#FF2C15
2335	#FF2410
2336	#FF2510
2337	#FF2D15
2338	#FF2E16
2339	#FF2B14
2340	#FF2E16
2341	#FF2913
2342	#FF2C15
2343	#FF2A14
2344	#FF2510
2345	#FF2812
2346	#FF2E16
2347	#ECDBD7
2348	#E5E5E5
2349	#E7E2E1
2350	#ECDAD5
2351	#ECDBD7
2352	#EDD8D3
2353	#EFD4CD
2354	#F2CEC5
2355	#F4CCC1
2356	#F9C0B1
2357	#FABDAD
2358	#FCB7A5
2359	#FEAE99
2360	#FFAB96
2361	#FFAC96
2362	#FF9E85
2363	#FFA58D
2364	#FF9B81
2365	#FF957A
2366	#FF8A6C
2367	#FF8162
2368	#FF6C4B
2369	#FF6C4C
2370	#FF5737
2371	#FF361C
2372	#FF230F
2373	#FF2A13
2374	#FF351B
2375	#FF331A
2376	#FF371D
2377	#FF381E
2378	#FF3A1F
2379	#FF3A1F
2380	#FF3C20
2381	#FF3B20
2382	#FF391E
2383	#FF381D
2384	#FF3219
2385	#FF2E16
2386	#FF2B14
2387	#FF2812
2388	#FF2510
2389	#FF1306
2390	#FF0000
2391	#FF1A09
2392	#FF1D0B
2393	#FF2812
2394	#FF2510
2395	#FF230F
2396	#FF1F0C
2397	#FF0E04
2398	#FF0A02
2399	#FF2410
2400	#FF2510
2401	#FF2913
2402	#FF2C15
2403	#FF240F
2404	#FF2510
2405	#FF2D15
2406	#FF2E16
2407	#FF2B14
2408	#FF2E16
2409	#FF2A14
2410	#FF2D15
2411	#FF2B14
2412	#FF2812
2413	#FF2B14
2414	#FF2E16
2415	#FF2E16
2416	#ECDBD7
2417	#E5E5E5
2418	#E7E2E1
2419	#ECDAD5
2420	#ECDBD6
2421	#EDD8D2
2422	#EFD4CD
2423	#F3CEC5
2424	#F4CCC1
2425	#F9BFB0
2426	#FABCAC
2427	#FCB6A4
2428	#FEAD98
2429	#FFAB95
2430	#FFAB96
2431	#FF9D84
2432	#FFA48D
2433	#FF9A80
2434	#FF9579
2435	#FF896B
2436	#FF8061
2437	#FF6B4A
2438	#FF6B4B
2439	#FF5636
2440	#FF351B
2441	#FF210E
2442	#FF2812
2443	#FF341A
2444	#FF3219
2445	#FF361C
2446	#FF371D
2447	#FF391E
2448	#FF391E
2449	#FF3A1F
2450	#FF3A1F
2451	#FF381E
2452	#FF371C
2453	#FF3118
2454	#FF2D15
2455	#FF2A13
2456	#FF2812
2457	#FF2510
2458	#FF1205
2459	#FF0000
2460	#FF1A09
2461	#FF1D0B
2462	#FF2812
2463	#FF2510
2464	#FF220E
2465	#FF1F0C
2466	#FF0F04
2467	#FF0C03
2468	#FF2410
2469	#FF2510
2470	#FF2913
2471	#FF2C15
2472	#FF2510
2473	#FF2611
2474	#FF2D16
2475	#FF2E16
2476	#FF2B14
2477	#FF2E16
2478	#FF2913
2479	#FF2C15
2480	#FF2A14
2481	#FF2611
2482	#FF2913
2483	#FF2E16
2484	#FF2E16
2485	#FF2D15
2486	#ECDBD7
2487	#E5E5E5
2488	#E7E2E1
2489	#EDD9D4
2490	#ECDBD6
2491	#EED8D2
2492	#F0D4CD
2493	#F3CEC4
2494	#F4CBC1
2495	#F9BFB0
2496	#FABCAB
2497	#FCB6A3
2498	#FFAD97
2499	#FFAA94
2500	#FFAB95
2501	#FF9D83
2502	#FFA48C
2503	#FF9A80
2504	#FF9479
2505	#FF886B
2506	#FF7F60
2507	#FF6A49
2508	#FF6B4A
2509	#FF5535
2510	#FF341A
2511	#FF200D
2512	#FF2712
2513	#FF3219
2514	#FF3018
2515	#FF351B
2516	#FF361C
2517	#FF381D
2518	#FF381D
2519	#FF391E
2520	#FF391E
2521	#FF371D
2522	#FF351C
2523	#FF3018
2524	#FF2C15
2525	#FF2913
2526	#FF2711
2527	#FF240F
2528	#FF1205
2529	#FF0000
2530	#FF1909
2531	#FF1D0B
2532	#FF2712
2533	#FF2410
2534	#FF220E
2535	#FF1F0C
2536	#FF1105
2537	#FF0E04
2538	#FF2510
2539	#FF2510
2540	#FF2812
2541	#FF2C15
2542	#FF2510
2543	#FF2711
2544	#FF2D16
2545	#FF2E16
2546	#FF2A13
2547	#FF2E16
2548	#FF2812
2549	#FF2A14
2550	#FF2913
2551	#FF2410
2552	#FF2812
2553	#FF2D15
2554	#FF2D15
2555	#FF2B14
2556	#FF2C15
2557	#ECDBD7
2558	#E5E5E5
2559	#E7E2E1
2560	#EDD9D4
2561	#ECDBD6
2562	#EED8D2
2563	#F0D4CD
2564	#F3CEC4
2565	#F4CBC1
2566	#F9BFB0
2567	#FABCAB
2568	#FCB6A3
2569	#FFAD97
2570	#FFAA94
2571	#FFAB95
2572	#FF9D83
2573	#FFA48C
2574	#FF9A80
2575	#FF9479
2576	#FF896B
2577	#FF8061
2578	#FF6A4A
2579	#FF6B4B
2580	#FF5636
2581	#FF351B
2582	#FF220E
2583	#FF2913
2584	#FF341A
2585	#FF3219
2586	#FF361C
2587	#FF371D
2588	#FF391E
2589	#FF391E
2590	#FF3B1F
2591	#FF3A1F
2592	#FF381E
2593	#FF371C
2594	#FF3118
2595	#FF2D15
2596	#FF2A13
2597	#FF2812
2598	#FF2410
2599	#FF1205
2600	#FF0000
2601	#FF1A09
2602	#FF1D0B
2603	#FF2812
2604	#FF2510
2605	#FF220E
2606	#FF1F0C
2607	#FF1004
2608	#FF0D03
2609	#FF2410
2610	#FF2510
2611	#FF2912
2612	#FF2C15
2613	#FF2510
2614	#FF2611
2615	#FF2D16
2616	#FF2E16
2617	#FF2A14
2618	#FF2E16
2619	#FF2913
2620	#FF2C15
2621	#FF2A14
2622	#FF2712
2623	#FF2A14
2624	#FF2D16
2625	#FF2E16
2626	#FF2D16
2627	#FF2E16
2628	#FF2D16
2629	#ECDBD7
2630	#E5E5E5
2631	#E7E2E1
2632	#EDD9D4
2633	#ECDBD6
2634	#EED8D2
2635	#F0D4CD
2636	#F3CEC4
2637	#F4CBC0
2638	#F9BFB0
2639	#FABCAB
2640	#FCB6A3
2641	#FFAC97
2642	#FFAA94
2643	#FFAB95
2644	#FF9D83
2645	#FFA38C
2646	#FF9A80
2647	#FF9479
2648	#FF886B
2649	#FF7F61
2650	#FF6A4A
2651	#FF6B4B
2652	#FF5636
2653	#FF361C
2654	#FF230F
2655	#FF2A13
2656	#FF341B
2657	#FF3219
2658	#FF371C
2659	#FF381D
2660	#FF391E
2661	#FF3A1F
2662	#FF3B20
2663	#FF3A1F
2664	#FF391E
2665	#FF371D
2666	#FF3118
2667	#FF2D16
2668	#FF2A13
2669	#FF2812
2670	#FF2410
2671	#FF1205
2672	#FF0000
2673	#FF1A09
2674	#FF1D0B
2675	#FF2812
2676	#FF2510
2677	#FF220E
2678	#FF1F0C
2679	#FF1004
2680	#FF0D03
2681	#FF2410
2682	#FF2510
2683	#FF2812
2684	#FF2C15
2685	#FF2510
2686	#FF2611
2687	#FF2D16
2688	#FF2E16
2689	#FF2B14
2690	#FF2E16
2691	#FF2913
2692	#FF2C15
2693	#FF2B14
2694	#FF2812
2695	#FF2B14
2696	#FF2D16
2697	#FF2E16
2698	#FF2D16
2699	#FF2E16
2700	#FF2D16
2701	#FF2E16
2702	#ECDBD7
2703	#E5E5E5
2704	#E7E2E1
2705	#EDD9D4
2706	#ECDBD6
2707	#EED8D2
2708	#F0D4CD
2709	#F3CEC4
2710	#F4CBC0
2711	#F9BFB0
2712	#FABCAB
2713	#FCB6A3
2714	#FFAD97
2715	#FFAA94
2716	#FFAB95
2717	#FF9D83
2718	#FFA48C
2719	#FF9A80
2720	#FF9479
2721	#FF896B
2722	#FF8061
2723	#FF6B4A
2724	#FF6C4B
2725	#FF5737
2726	#FF371D
2727	#FF2611
2728	#FF2B14
2729	#FF361C
2730	#FF341A
2731	#FF381E
2732	#FF391E
2733	#FF3B20
2734	#FF3B20
2735	#FF3D21
2736	#FF3C20
2737	#FF3A1F
2738	#FF381E
2739	#FF3219
2740	#FF2E16
2741	#FF2B14
2742	#FF2812
2743	#FF2510
2744	#FF1305
2745	#FF0000
2746	#FF1A09
2747	#FF1D0B
2748	#FF2812
2749	#FF2510
2750	#FF220E
2751	#FF1F0C
2752	#FF0F04
2753	#FF0B03
2754	#FF2410
2755	#FF2510
2756	#FF2912
2757	#FF2C15
2758	#FF2410
2759	#FF2610
2760	#FF2D15
2761	#FF2E16
2762	#FF2B14
2763	#FF2E16
2764	#FF2A14
2765	#FF2C15
2766	#FF2C15
2767	#FF2913
2768	#FF2C15
2769	#FF2E16
2770	#FF2E16
2771	#FF2E16
2772	#FF2E16
2773	#FF2C15
2774	#FF2D16
2775	#FF2D15
2776	#ECDBD7
2777	#E5E5E5
2778	#E7E2E1
2779	#EDD9D4
2780	#ECDBD6
2781	#EED8D2
2782	#F0D4CD
2783	#F3CEC4
2784	#F4CBC0
2785	#F9BFAF
2786	#FABCAB
2787	#FCB6A3
2788	#FFAC97
2789	#FFAA94
2790	#FFAB95
2791	#FF9D83
2792	#FFA38C
2793	#FF9A80
2794	#FF9479
2795	#FF896B
2796	#FF8061
2797	#FF6B4B
2798	#FF6C4B
2799	#FF5737
2800	#FF381D
2801	#FF2711
2802	#FF2C15
2803	#FF371C
2804	#FF341B
2805	#FF391E
2806	#FF3A1F
2807	#FF3B20
2808	#FF3C20
2809	#FF3D21
2810	#FF3C21
2811	#FF3A1F
2812	#FF391E
2813	#FF3319
2814	#FF2E16
2815	#FF2B14
2816	#FF2913
2817	#FF2510
2818	#FF1306
2819	#FF0000
2820	#FF1A09
2821	#FF1D0B
2822	#FF2812
2823	#FF2510
2824	#FF220E
2825	#FF1F0C
2826	#FF0F04
2827	#FF0B03
2828	#FF2410
2829	#FF2510
2830	#FF2912
2831	#FF2C15
2832	#FF2410
2833	#FF2510
2834	#FF2D15
2835	#FF2E16
2836	#FF2B14
2837	#FF2E16
2838	#FF2A14
2839	#FF2D15
2840	#FF2C15
2841	#FF2A13
2842	#FF2C15
2843	#FF2E16
2844	#FF2E16
2845	#FF2E16
2846	#FF2E16
2847	#FF2C15
2848	#FF2D16
2849	#FF2D16
2850	#FF2E16
2851	#EBDCD8
2852	#E5E5E5
2853	#E7E2E1
2854	#EDD9D4
2855	#ECDAD6
2856	#EED7D2
2857	#F0D4CC
2858	#F3CDC4
2859	#F4CBC0
2860	#F9BFAF
2861	#FABBAB
2862	#FCB5A3
2863	#FFAC97
2864	#FFAA94
2865	#FFAA94
2866	#FF9C83
2867	#FFA38B
2868	#FF997F
2869	#FF9478
2870	#FF886A
2871	#FF7F60
2872	#FF6B4A
2873	#FF6B4B
2874	#FF5737
2875	#FF381D
2876	#FF2711
2877	#FF2D16
2878	#FF371D
2879	#FF351B
2880	#FF391E
2881	#FF3A1F
2882	#FF3C20
2883	#FF3C20
2884	#FF3D21
2885	#FF3C21
2886	#FF3B20
2887	#FF3A1F
2888	#FF351B
2889	#FF3219
2890	#FF2F17
2891	#FF2E16
2892	#FF2B14
2893	#FF1F0C
2894	#FF1707
2895	#FF2410
2896	#FF2711
2897	#FF2E17
2898	#FF2C15
2899	#FF2B14
2900	#FF2913
2901	#FF210D
2902	#FF200D
2903	#FF2D16
2904	#FF2E16
2905	#FF3017
2906	#FF331A
2907	#FF2F17
2908	#FF3017
2909	#FF351B
2910	#FF341B
2911	#FF3017
2912	#FF341A
2913	#FF2E16
2914	#FF3018
2915	#FF2F17
2916	#FF2B14
2917	#FF2E16
2918	#FF3219
2919	#FF3219
2920	#FF3118
2921	#FF3219
2922	#FF331A
2923	#FF3118
2924	#FF2F17
2925	#FF2510
2926	#FF0000
2927	#EBDCD8
2928	#E5E5E5
2929	#E7E2E1
2930	#EDD9D4
2931	#ECDAD5
2932	#EED7D1
2933	#F0D3CC
2934	#F3CDC3
2935	#F4CABF
2936	#F9BEAE
2937	#FBBBAA
2938	#FCB4A2
2939	#FFAB96
2940	#FFA992
2941	#FFA993
2942	#FF9B81
2943	#FFA28A
2944	#FF987D
2945	#FF9276
2946	#FF8769
2947	#FF7E5F
2948	#FF6948
2949	#FF6A49
2950	#FF5535
2951	#FF351B
2952	#FF220E
2953	#FF2913
2954	#FF341A
2955	#FF3219
2956	#FF361C
2957	#FF371D
2958	#FF381E
2959	#FF391E
2960	#FF3A1F
2961	#FF391F
2962	#FF381E
2963	#FF371C
2964	#FF3219
2965	#FF2F17
2966	#FF2C15
2967	#FF2B14
2968	#FF2913
2969	#FF1D0B
2970	#FF1406
2971	#FF220E
2972	#FF2410
2973	#FF2C15
2974	#FF2A14
2975	#FF2913
2976	#FF2712
2977	#FF1F0C
2978	#FF1F0C
2979	#FF2C15
2980	#FF2D15
2981	#FF2E16
2982	#FF3119
2983	#FF2E16
2984	#FF2F17
2985	#FF331A
2986	#FF3219
2987	#FF2D15
2988	#FF3119
2989	#FF2A14
2990	#FF2D15
2991	#FF2B14
2992	#FF2611
2993	#FF2913
2994	#FF2E16
2995	#FF2E16
2996	#FF2D15
2997	#FF2E16
2998	#FF2F17
2999	#FF2C15
3000	#FF2913
3001	#FF1D0B
3002	#FF0000
3003	#FF2611
3004	#EBDCD8
3005	#E5E5E5
3006	#E7E2E0
3007	#EDD9D4
3008	#ECDAD5
3009	#EED7D1
3010	#F0D3CC
3011	#F3CDC3
3012	#F4CABF
3013	#F9BEAF
3014	#FABBAA
3015	#FCB5A2
3016	#FFAC96
3017	#FFA993
3018	#FFA993
3019	#FF9C82
3020	#FFA28A
3021	#FF997E
3022	#FF9377
3023	#FF876A
3024	#FF7F60
3025	#FF6A4A
3026	#FF6B4A
3027	#FF5737
3028	#FF381E
3029	#FF2712
3030	#FF2E16
3031	#FF371D
3032	#FF361C
3033	#FF391E
3034	#FF3A1F
3035	#FF3C20
3036	#FF3C20
3037	#FF3D21
3038	#FF3C21
3039	#FF3B20
3040	#FF3A1F
3041	#FF361C
3042	#FF341A
3043	#FF3219
3044	#FF3118
3045	#FF2F17
3046	#FF2611
3047	#FF200D
3048	#FF2A13
3049	#FF2C15
3050	#FF3219
3051	#FF3118
3052	#FF3017
3053	#FF2E17
3054	#FF2913
3055	#FF2912
3056	#FF3219
3057	#FF331A
3058	#FF341A
3059	#FF371D
3060	#FF341B
3061	#FF351B
3062	#FF381E
3063	#FF371D
3064	#FF3119
3065	#FF361C
3066	#FF2E16
3067	#FF3118
3068	#FF2E17
3069	#FF2A13
3070	#FF2C15
3071	#FF3219
3072	#FF3119
3073	#FF2F17
3074	#FF3018
3075	#FF3119
3076	#FF2D15
3077	#FF2913
3078	#FF1C0A
3079	#FF0000
3080	#FF2510
3081	#FF2B14
3082	#EBDCD9
3083	#E5E5E5
3084	#E7E2E0
3085	#EDD9D4
3086	#ECDAD5
3087	#EED7D1
3088	#F0D3CC
3089	#F3CDC3
3090	#F4CABF
3091	#F9BEAF
3092	#FABBAA
3093	#FCB5A2
3094	#FFAC96
3095	#FFA993
3096	#FFA993
3097	#FF9C82
3098	#FFA28A
3099	#FF997E
3100	#FF9377
3101	#FF886A
3102	#FF7F60
3103	#FF6B4A
3104	#FF6B4B
3105	#FF5737
3106	#FF3A1F
3107	#FF2A13
3108	#FF3018
3109	#FF391E
3110	#FF381D
3111	#FF3B20
3112	#FF3C20
3113	#FF3D21
3114	#FF3D21
3115	#FF3E22
3116	#FF3E22
3117	#FF3D21
3118	#FF3C20
3119	#FF391E
3120	#FF361C
3121	#FF341B
3122	#FF331A
3123	#FF3219
3124	#FF2A14
3125	#FF2611
3126	#FF2E16
3127	#FF3017
3128	#FF351B
3129	#FF341A
3130	#FF331A
3131	#FF3219
3132	#FF2E16
3133	#FF2D16
3134	#FF361C
3135	#FF361C
3136	#FF361C
3137	#FF3A1F
3138	#FF371D
3139	#FF381E
3140	#FF3B20
3141	#FF391E
3142	#FF331A
3143	#FF381D
3144	#FF3018
3145	#FF3219
3146	#FF3017
3147	#FF2B14
3148	#FF2D16
3149	#FF3219
3150	#FF3219
3151	#FF3017
3152	#FF3018
3153	#FF3119
3154	#FF2C15
3155	#FF2812
3156	#FF1A09
3157	#FF0000
3158	#FF230F
3159	#FF2A13
3160	#FF2A13
3161	#EADDDA
3162	#E5E5E5
3163	#E7E2E1
3164	#ECDAD5
3165	#ECDBD6
3166	#EED8D2
3167	#F0D4CD
3168	#F3CEC4
3169	#F4CBC1
3170	#F9C0B1
3171	#FABDAD
3172	#FCB7A5
3173	#FEAF9A
3174	#FFAC97
3175	#FFAC97
3176	#FF9F86
3177	#FFA58D
3178	#FF9C82
3179	#FF977C
3180	#FF8C6F
3181	#FF8466
3182	#FF7251
3183	#FF7251
3184	#FF603F
3185	#FF4729
3186	#FF3B20
3187	#FF4023
3188	#FF4629
3189	#FF4628
3190	#FF482A
3191	#FF492A
3192	#FF492B
3193	#FF4A2B
3194	#FF4A2C
3195	#FF4A2C
3196	#FF4A2B
3197	#FF492B
3198	#FF4729
3199	#FF4528
3200	#FF4427
3201	#FF4427
3202	#FF4326
3203	#FF3F22
3204	#FF3C21
3205	#FF4124
3206	#FF4225
3207	#FF4528
3208	#FF4527
3209	#FF4527
3210	#FF4427
3211	#FF4225
3212	#FF4225
3213	#FF4628
3214	#FF4729
3215	#FF4628
3216	#FF492B
3217	#FF482A
3218	#FF482A
3219	#FF492B
3220	#FF4729
3221	#FF4125
3222	#FF4528
3223	#FF3E22
3224	#FF3F23
3225	#FF3D21
3226	#FF381D
3227	#FF391E
3228	#FF3E22
3229	#FF3D21
3230	#FF3A1F
3231	#FF3A1F
3232	#FF3B1F
3233	#FF341B
3234	#FF2F17
3235	#FF1F0C
3236	#FF0000
3237	#FF2510
3238	#FF2812
3239	#FF2712
3240	#FF200D
3241	#EADEDA
3242	#E5E5E5
3243	#E7E2E1
3244	#ECDAD5
3245	#ECDAD6
3246	#EED7D2
3247	#F0D4CC
3248	#F3CEC4
3249	#F4CBC0
3250	#F9C0B1
3251	#FABDAD
3252	#FCB7A5
3253	#FEAE9A
3254	#FFAC96
3255	#FFAC96
3256	#FF9F86
3257	#FFA58D
3258	#FF9C82
3259	#FF967B
3260	#FF8C6F
3261	#FF8465
3262	#FF7251
3263	#FF7251
3264	#FF6040
3265	#FF482A
3266	#FF3C20
3267	#FF4124
3268	#FF4729
3269	#FF4628
3270	#FF482A
3271	#FF492B
3272	#FF4A2B
3273	#FF4A2C
3274	#FF4A2C
3275	#FF4A2C
3276	#FF4A2C
3277	#FF492B
3278	#FF482A
3279	#FF4629
3280	#FF4528
3281	#FF4527
3282	#FF4427
3283	#FF4024
3284	#FF3E22
3285	#FF4225
3286	#FF4326
3287	#FF4629
3288	#FF4628
3289	#FF4628
3290	#FF4528
3291	#FF4326
3292	#FF4326
3293	#FF4729
3294	#FF482A
3295	#FF4729
3296	#FF492B
3297	#FF492A
3298	#FF492B
3299	#FF4A2C
3300	#FF472A
3301	#FF4225
3302	#FF4528
3303	#FF3E22
3304	#FF3F23
3305	#FF3C20
3306	#FF371D
3307	#FF381E
3308	#FF3D21
3309	#FF3C21
3310	#FF391E
3311	#FF391E
3312	#FF391E
3313	#FF331A
3314	#FF2D15
3315	#FF1D0B
3316	#FF0000
3317	#FF240F
3318	#FF2812
3319	#FF2812
3320	#FF2611
3321	#FF2711
3322	#EADEDB
3323	#E5E5E5
3324	#E7E2E1
3325	#ECDAD6
3326	#ECDBD6
3327	#EDD8D2
3328	#EFD4CD
3329	#F2CFC5
3330	#F4CCC2
3331	#F8C1B3
3332	#F9BEAF
3333	#FBB9A7
3334	#FDB19D
3335	#FEAE9A
3336	#FEAE99
3337	#FFA28A
3338	#FFA791
3339	#FF9F86
3340	#FF9A7F
3341	#FF9074
3342	#FF886B
3343	#FF7858
3344	#FF7758
3345	#FF6747
3346	#FF5233
3347	#FF482A
3348	#FF4C2E
3349	#FF5132
3350	#FF5132
3351	#FF5333
3352	#FF5334
3353	#FF5434
3354	#FF5434
3355	#FF5434
3356	#FF5434
3357	#FF5434
3358	#FF5334
3359	#FF5233
3360	#FF5132
3361	#FF5132
3362	#FF5131
3363	#FF5031
3364	#FF4E2F
3365	#FF4C2E
3366	#FF4F30
3367	#FF5031
3368	#FF5233
3369	#FF5232
3370	#FF5232
3371	#FF5132
3372	#FF5031
3373	#FF5031
3374	#FF5333
3375	#FF5334
3376	#FF5232
3377	#FF5434
3378	#FF5334
3379	#FF5434
3380	#FF5434
3381	#FF5132
3382	#FF4B2D
3383	#FF4F30
3384	#FF4729
3385	#FF482A
3386	#FF4527
3387	#FF4023
3388	#FF4024
3389	#FF4527
3390	#FF4326
3391	#FF3F23
3392	#FF3F23
3393	#FF3F22
3394	#FF371D
3395	#FF3018
3396	#FF200D
3397	#FF0000
3398	#FF230F
3399	#FF2610
3400	#FF2410
3401	#FF1F0C
3402	#FF2510
3403	#FF1D0B
3404	#E9DFDC
3405	#E5E5E5
3406	#E7E2E1
3407	#ECDAD6
3408	#ECDBD7
3409	#EDD8D3
3410	#EFD5CE
3411	#F2CFC6
3412	#F3CCC2
3413	#F8C2B4
3414	#F9BFB0
3415	#FBBAA9
3416	#FDB29E
3417	#FEAF9B
3418	#FEAF9B
3419	#FFA48C
3420	#FFA892
3421	#FFA088
3422	#FF9B81
3423	#FF9276
3424	#FF8A6D
3425	#FF7A5B
3426	#FF7A5A
3427	#FF6B4A
3428	#FF5737
3429	#FF4D2F
3430	#FF5132
3431	#FF5636
3432	#FF5636
3433	#FF5737
3434	#FF5838
3435	#FF5838
3436	#FF5838
3437	#FF5838
3438	#FF5838
3439	#FF5838
3440	#FF5838
3441	#FF5737
3442	#FF5637
3443	#FF5636
3444	#FF5636
3445	#FF5636
3446	#FF5334
3447	#FF5233
3448	#FF5535
3449	#FF5636
3450	#FF5737
3451	#FF5737
3452	#FF5737
3453	#FF5737
3454	#FF5636
3455	#FF5636
3456	#FF5838
3457	#FF5838
3458	#FF5636
3459	#FF5838
3460	#FF5838
3461	#FF5838
3462	#FF5838
3463	#FF5535
3464	#FF4F30
3465	#FF5233
3466	#FF4A2C
3467	#FF4B2C
3468	#FF482A
3469	#FF4326
3470	#FF4326
3471	#FF4729
3472	#FF4628
3473	#FF4125
3474	#FF4124
3475	#FF4023
3476	#FF381E
3477	#FF3118
3478	#FF200D
3479	#FF0000
3480	#FF230F
3481	#FF2410
3482	#FF220E
3483	#FF1D0B
3484	#FF230F
3485	#FF1D0B
3486	#FF240F
3487	#E9DFDD
3488	#E5E5E5
3489	#E7E2E1
3490	#ECDBD6
3491	#ECDBD7
3492	#EDD8D3
3493	#EFD5CE
3494	#F2D0C7
3495	#F3CDC3
3496	#F7C3B6
3497	#F9C0B1
3498	#FABBAA
3499	#FDB4A1
3500	#FDB19D
3501	#FDB19D
3502	#FFA68F
3503	#FFAA94
3504	#FFA28A
3505	#FF9D84
3506	#FF9479
3507	#FF8D70
3508	#FF7E5F
3509	#FF7E5F
3510	#FF6F4F
3511	#FF5D3D
3512	#FF5435
3513	#FF5838
3514	#FF5C3C
3515	#FF5C3C
3516	#FF5D3D
3517	#FF5E3D
3518	#FF5E3E
3519	#FF5E3E
3520	#FF5E3D
3521	#FF5E3E
3522	#FF5E3E
3523	#FF5E3E
3524	#FF5D3D
3525	#FF5D3D
3526	#FF5D3C
3527	#FF5D3C
3528	#FF5C3C
3529	#FF5B3B
3530	#FF5A3A
3531	#FF5C3C
3532	#FF5C3C
3533	#FF5D3D
3534	#FF5D3D
3535	#FF5D3D
3536	#FF5D3D
3537	#FF5D3C
3538	#FF5D3D
3539	#FF5E3D
3540	#FF5E3E
3541	#FF5C3C
3542	#FF5E3D
3543	#FF5E3E
3544	#FF5E3D
3545	#FF5D3D
3546	#FF5A3A
3547	#FF5434
3548	#FF5737
3549	#FF4F30
3550	#FF4F30
3551	#FF4C2D
3552	#FF4729
3553	#FF4729
3554	#FF4A2C
3555	#FF492A
3556	#FF4427
3557	#FF4326
3558	#FF4225
3559	#FF3A1F
3560	#FF3219
3561	#FF210D
3562	#FF0000
3563	#FF220E
3564	#FF220E
3565	#FF1F0D
3566	#FF1909
3567	#FF200D
3568	#FF1808
3569	#FF200D
3570	#FF200D
3571	#E9E0DE
3572	#E5E5E5
3573	#E7E2E1
3574	#EBDBD7
3575	#EBDCD7
3576	#EDD9D4
3577	#EFD5CF
3578	#F2D0C8
3579	#F3CEC4
3580	#F7C5B7
3581	#F8C2B3
3582	#FABDAD
3583	#FCB6A3
3584	#FDB3A0
3585	#FDB39F
3586	#FFA892
3587	#FFAC97
3588	#FFA58D
3589	#FFA087
3590	#FF987D
3591	#FF9175
3592	#FF8364
3593	#FF8264
3594	#FF7555
3595	#FF6444
3596	#FF5C3C
3597	#FF6040
3598	#FF6343
3599	#FF6343
3600	#FF6444
3601	#FF6444
3602	#FF6544
3603	#FF6544
3604	#FF6444
3605	#FF6444
3606	#FF6544
3607	#FF6544
3608	#FF6444
3609	#FF6444
3610	#FF6443
3611	#FF6443
3612	#FF6443
3613	#FF6342
3614	#FF6242
3615	#FF6443
3616	#FF6443
3617	#FF6544
3618	#FF6544
3619	#FF6544
3620	#FF6544
3621	#FF6444
3622	#FF6444
3623	#FF6444
3624	#FF6544
3625	#FF6242
3626	#FF6443
3627	#FF6444
3628	#FF6443
3629	#FF6342
3630	#FF5F3F
3631	#FF5939
3632	#FF5C3C
3633	#FF5434
3634	#FF5434
3635	#FF5031
3636	#FF4B2D
3637	#FF4B2C
3638	#FF4E2F
3639	#FF4C2D
3640	#FF4729
3641	#FF4628
3642	#FF4427
3643	#FF3C20
3644	#FF331A
3645	#FF210E
3646	#FF0000
3647	#FF210D
3648	#FF1F0C
3649	#FF1B0A
3650	#FF1205
3651	#FF1A09
3652	#FF0D03
3653	#FF1808
3654	#FF1607
3655	#FF1908
3656	#E9E0DD
3657	#E5E5E5
3658	#E7E2E1
3659	#EBDBD7
3660	#EBDCD7
3661	#EDD9D4
3662	#EFD5CF
3663	#F2D0C8
3664	#F3CEC4
3665	#F7C5B7
3666	#F8C2B3
3667	#FABDAD
3668	#FCB6A3
3669	#FDB3A0
3670	#FDB3A0
3671	#FFA892
3672	#FFAC97
3673	#FFA58E
3674	#FFA088
3675	#FF987D
3676	#FF9175
3677	#FF8365
3678	#FF8364
3679	#FF7555
3680	#FF6544
3681	#FF5D3D
3682	#FF6140
3683	#FF6443
3684	#FF6443
3685	#FF6544
3686	#FF6545
3687	#FF6545
3688	#FF6545
3689	#FF6545
3690	#FF6545
3691	#FF6545
3692	#FF6545
3693	#FF6544
3694	#FF6544
3695	#FF6444
3696	#FF6444
3697	#FF6444
3698	#FF6342
3699	#FF6242
3700	#FF6443
3701	#FF6444
3702	#FF6545
3703	#FF6545
3704	#FF6545
3705	#FF6544
3706	#FF6544
3707	#FF6544
3708	#FF6545
3709	#FF6545
3710	#FF6343
3711	#FF6545
3712	#FF6545
3713	#FF6545
3714	#FF6444
3715	#FF6141
3716	#FF5C3C
3717	#FF5F3E
3718	#FF5838
3719	#FF5838
3720	#FF5535
3721	#FF5131
3722	#FF5132
3723	#FF5434
3724	#FF5233
3725	#FF4F30
3726	#FF4E2F
3727	#FF4D2E
3728	#FF4729
3729	#FF4225
3730	#FF381D
3731	#FF2D16
3732	#FF391E
3733	#FF3B20
3734	#FF3A1F
3735	#FF391E
3736	#FF3B1F
3737	#FF3A1F
3738	#FF3B1F
3739	#FF3A1F
3740	#FF351C
3741	#FF0000
3742	#E9E0DE
3743	#E5E5E5
3744	#E7E2E1
3745	#ECDBD7
3746	#EBDBD7
3747	#EDD8D3
3748	#EFD5CE
3749	#F2D0C7
3750	#F3CDC3
3751	#F7C4B6
3752	#F8C1B2
3753	#FABCAB
3754	#FCB5A2
3755	#FDB29E
3756	#FDB29E
3757	#FFA790
3758	#FFAB95
3759	#FFA38C
3760	#FF9F86
3761	#FF967B
3762	#FF8F73
3763	#FF8162
3764	#FF8061
3765	#FF7353
3766	#FF6241
3767	#FF5A3A
3768	#FF5D3D
3769	#FF6140
3770	#FF6140
3771	#FF6241
3772	#FF6241
3773	#FF6242
3774	#FF6242
3775	#FF6241
3776	#FF6241
3777	#FF6242
3778	#FF6242
3779	#FF6241
3780	#FF6241
3781	#FF6141
3782	#FF6141
3783	#FF6141
3784	#FF6040
3785	#FF603F
3786	#FF6141
3787	#FF6141
3788	#FF6242
3789	#FF6241
3790	#FF6241
3791	#FF6241
3792	#FF6241
3793	#FF6241
3794	#FF6241
3795	#FF6242
3796	#FF603F
3797	#FF6141
3798	#FF6241
3799	#FF6141
3800	#FF6040
3801	#FF5D3D
3802	#FF5737
3803	#FF5A3A
3804	#FF5233
3805	#FF5233
3806	#FF4F30
3807	#FF4A2C
3808	#FF4A2C
3809	#FF4D2E
3810	#FF4B2D
3811	#FF4729
3812	#FF4628
3813	#FF4527
3814	#FF3E22
3815	#FF371D
3816	#FF2A14
3817	#FF1B0A
3818	#FF2C15
3819	#FF2D16
3820	#FF2D15
3821	#FF2B14
3822	#FF2D16
3823	#FF2C15
3824	#FF2E16
3825	#FF2D16
3826	#FF2B14
3827	#FF1808
3828	#FF0000
3829	#E8E0DE
3830	#E5E5E5
3831	#E7E2E1
3832	#ECDBD7
3833	#EBDBD7
3834	#EDD9D3
3835	#EFD5CE
3836	#F2D0C7
3837	#F3CDC4
3838	#F7C4B7
3839	#F8C1B2
3840	#FABCAC
3841	#FCB5A2
3842	#FDB29F
3843	#FDB29E
3844	#FFA891
3845	#FFAB96
3846	#FFA48C
3847	#FF9F86
3848	#FF977C
3849	#FF9074
3850	#FF8263
3851	#FF8163
3852	#FF7454
3853	#FF6343
3854	#FF5C3C
3855	#FF5F3F
3856	#FF6342
3857	#FF6242
3858	#FF6343
3859	#FF6443
3860	#FF6443
3861	#FF6443
3862	#FF6443
3863	#FF6443
3864	#FF6443
3865	#FF6443
3866	#FF6443
3867	#FF6443
3868	#FF6343
3869	#FF6343
3870	#FF6343
3871	#FF6242
3872	#FF6242
3873	#FF6343
3874	#FF6343
3875	#FF6443
3876	#FF6443
3877	#FF6443
3878	#FF6443
3879	#FF6443
3880	#FF6443
3881	#FF6443
3882	#FF6443
3883	#FF6141
3884	#FF6342
3885	#FF6343
3886	#FF6342
3887	#FF6241
3888	#FF5E3E
3889	#FF5838
3890	#FF5B3A
3891	#FF5333
3892	#FF5333
3893	#FF4F30
3894	#FF4A2C
3895	#FF4A2C
3896	#FF4D2F
3897	#FF4B2D
3898	#FF4729
3899	#FF4628
3900	#FF4527
3901	#FF3D21
3902	#FF371C
3903	#FF2A13
3904	#FF1A09
3905	#FF2B14
3906	#FF2D15
3907	#FF2C15
3908	#FF2A13
3909	#FF2C15
3910	#FF2B14
3911	#FF2D15
3912	#FF2D15
3913	#FF2B14
3914	#FF200D
3915	#FF0000
3916	#FF200D
3917	#E8E0DE
3918	#E5E5E5
3919	#E7E2E1
3920	#EBDBD7
3921	#EBDBD7
3922	#EDD9D3
3923	#EFD5CE
3924	#F2D0C7
3925	#F3CEC4
3926	#F7C4B7
3927	#F8C1B3
3928	#FABCAC
3929	#FCB5A3
3930	#FDB3A0
3931	#FDB29F
3932	#FFA892
3933	#FFAC96
3934	#FFA58D
3935	#FFA087
3936	#FF977D
3937	#FF9175
3938	#FF8365
3939	#FF8264
3940	#FF7656
3941	#FF6545
3942	#FF5E3E
3943	#FF6241
3944	#FF6544
3945	#FF6444
3946	#FF6545
3947	#FF6645
3948	#FF6645
3949	#FF6645
3950	#FF6545
3951	#FF6545
3952	#FF6545
3953	#FF6645
3954	#FF6645
3955	#FF6545
3956	#FF6545
3957	#FF6545
3958	#FF6545
3959	#FF6544
3960	#FF6444
3961	#FF6545
3962	#FF6545
3963	#FF6645
3964	#FF6645
3965	#FF6645
3966	#FF6645
3967	#FF6645
3968	#FF6645
3969	#FF6545
3970	#FF6545
3971	#FF6342
3972	#FF6444
3973	#FF6444
3974	#FF6443
3975	#FF6342
3976	#FF5F3F
3977	#FF5939
3978	#FF5B3B
3979	#FF5334
3980	#FF5334
3981	#FF5031
3982	#FF4B2C
3983	#FF4B2C
3984	#FF4E2F
3985	#FF4C2D
3986	#FF4729
3987	#FF4628
3988	#FF4427
3989	#FF3D21
3990	#FF361C
3991	#FF2913
3992	#FF1A09
3993	#FF2B14
3994	#FF2C15
3995	#FF2B14
3996	#FF2913
3997	#FF2C15
3998	#FF2A14
3999	#FF2C15
4000	#FF2C15
4001	#FF2B14
4002	#FF240F
4003	#FF0000
4004	#FF200D
4005	#FF200D
4006	#E8E0DE
4007	#E5E5E5
4008	#E7E2E1
4009	#EBDBD7
4010	#EBDBD7
4011	#EDD9D3
4012	#EFD5CE
4013	#F2D0C7
4014	#F3CDC4
4015	#F7C4B7
4016	#F8C1B3
4017	#FABCAC
4018	#FCB5A3
4019	#FDB3A0
4020	#FDB29F
4021	#FFA892
4022	#FFAC96
4023	#FFA48D
4024	#FFA087
4025	#FF977D
4026	#FF9175
4027	#FF8365
4028	#FF8264
4029	#FF7656
4030	#FF6645
4031	#FF5E3E
4032	#FF6241
4033	#FF6544
4034	#FF6544
4035	#FF6545
4036	#FF6645
4037	#FF6645
4038	#FF6645
4039	#FF6545
4040	#FF6545
4041	#FF6645
4042	#FF6645
4043	#FF6645
4044	#FF6645
4045	#FF6545
4046	#FF6545
4047	#FF6545
4048	#FF6544
4049	#FF6544
4050	#FF6545
4051	#FF6645
4052	#FF6645
4053	#FF6645
4054	#FF6645
4055	#FF6645
4056	#FF6645
4057	#FF6645
4058	#FF6545
4059	#FF6544
4060	#FF6242
4061	#FF6443
4062	#FF6444
4063	#FF6443
4064	#FF6242
4065	#FF5F3E
4066	#FF5838
4067	#FF5B3B
4068	#FF5333
4069	#FF5333
4070	#FF4F30
4071	#FF4A2C
4072	#FF4A2B
4073	#FF4D2E
4074	#FF4B2C
4075	#FF4628
4076	#FF4527
4077	#FF4326
4078	#FF3C20
4079	#FF351B
4080	#FF2812
4081	#FF1908
4082	#FF2A13
4083	#FF2B14
4084	#FF2A14
4085	#FF2812
4086	#FF2B14
4087	#FF2A13
4088	#FF2B14
4089	#FF2B14
4090	#FF2A13
4091	#FF230F
4092	#FF0000
4093	#FF1F0C
4094	#FF1F0C
4095	#FF1E0C
4096	#E8E0DE
4097	#E5E5E5
4098	#E7E2E1
4099	#ECDBD7
4100	#ECDBD7
4101	#EDD8D3
4102	#EFD5CE
4103	#F2D0C7
4104	#F3CDC3
4105	#F7C4B6
4106	#F8C1B2
4107	#FABCAB
4108	#FCB5A2
4109	#FDB29F
4110	#FDB29E
4111	#FFA791
4112	#FFAB95
4113	#FFA48C
4114	#FF9F86
4115	#FF967B
4116	#FF9073
4117	#FF8263
4118	#FF8162
4119	#FF7454
4120	#FF6443
4121	#FF5C3C
4122	#FF6040
4123	#FF6342
4124	#FF6342
4125	#FF6443
4126	#FF6443
4127	#FF6443
4128	#FF6443
4129	#FF6443
4130	#FF6443
4131	#FF6443
4132	#FF6443
4133	#FF6443
4134	#FF6443
4135	#FF6443
4136	#FF6443
4137	#FF6443
4138	#FF6343
4139	#FF6342
4140	#FF6443
4141	#FF6443
4142	#FF6443
4143	#FF6443
4144	#FF6443
4145	#FF6443
4146	#FF6443
4147	#FF6443
4148	#FF6343
4149	#FF6343
4150	#FF6140
4151	#FF6242
4152	#FF6242
4153	#FF6242
4154	#FF6040
4155	#FF5D3C
4156	#FF5636
4157	#FF5939
4158	#FF5132
4159	#FF5131
4160	#FF4D2E
4161	#FF482A
4162	#FF482A
4163	#FF4B2C
4164	#FF492B
4165	#FF4427
4166	#FF4326
4167	#FF4225
4168	#FF3A1F
4169	#FF341A
4170	#FF2711
4171	#FF1808
4172	#FF2913
4173	#FF2B14
4174	#FF2A14
4175	#FF2913
4176	#FF2B14
4177	#FF2A13
4178	#FF2A14
4179	#FF2A13
4180	#FF2812
4181	#FF1F0C
4182	#FF0000
4183	#FF1E0C
4184	#FF1D0B
4185	#FF1A09
4186	#FF1A09
4187	#E8E0DE
4188	#E5E5E5
4189	#E7E2E1
4190	#ECDBD7
4191	#ECDBD7
4192	#EDD8D3
4193	#EFD5CE
4194	#F2CFC6
4195	#F3CDC3
4196	#F7C3B6
4197	#F9C0B2
4198	#FABBAB
4199	#FDB4A1
4200	#FDB29E
4201	#FDB19D
4202	#FFA790
4203	#FFAA94
4204	#FFA38B
4205	#FF9E85
4206	#FF967A
4207	#FF8F72
4208	#FF8162
4209	#FF8061
4210	#FF7353
4211	#FF6342
4212	#FF5B3B
4213	#FF5F3E
4214	#FF6241
4215	#FF6241
4216	#FF6242
4217	#FF6342
4218	#FF6342
4219	#FF6342
4220	#FF6242
4221	#FF6242
4222	#FF6242
4223	#FF6342
4224	#FF6342
4225	#FF6342
4226	#FF6242
4227	#FF6242
4228	#FF6242
4229	#FF6241
4230	#FF6241
4231	#FF6242
4232	#FF6342
4233	#FF6342
4234	#FF6342
4235	#FF6342
4236	#FF6342
4237	#FF6342
4238	#FF6342
4239	#FF6242
4240	#FF6241
4241	#FF5F3F
4242	#FF6140
4243	#FF6141
4244	#FF6140
4245	#FF5F3F
4246	#FF5B3B
4247	#FF5535
4248	#FF5838
4249	#FF4F30
4250	#FF4F30
4251	#FF4C2D
4252	#FF4629
4253	#FF4629
4254	#FF492B
4255	#FF472A
4256	#FF4326
4257	#FF4225
4258	#FF4124
4259	#FF391E
4260	#FF331A
4261	#FF2711
4262	#FF1909
4263	#FF2913
4264	#FF2B14
4265	#FF2B14
4266	#FF2A14
4267	#FF2B14
4268	#FF2B14
4269	#FF2B14
4270	#FF2A13
4271	#FF2711
4272	#FF1C0A
4273	#FF0000
4274	#FF1D0B
4275	#FF1B0A
4276	#FF1607
4277	#FF1506
4278	#FF1B0A
4279	#E8E1DF
4280	#E5E5E5
4281	#E7E2E1
4282	#ECDBD7
4283	#ECDBD7
4284	#EDD8D3
4285	#EFD5CE
4286	#F2D0C7
4287	#F3CDC3
4288	#F7C4B6
4289	#F8C1B2
4290	#FABCAB
4291	#FCB5A2
4292	#FDB29F
4293	#FDB29E
4294	#FFA891
4295	#FFAB95
4296	#FFA48C
4297	#FF9F86
4298	#FF977C
4299	#FF9074
4300	#FF8264
4301	#FF8263
4302	#FF7555
4303	#FF6545
4304	#FF5E3D
4305	#FF6141
4306	#FF6444
4307	#FF6444
4308	#FF6544
4309	#FF6544
4310	#FF6544
4311	#FF6544
4312	#FF6444
4313	#FF6544
4314	#FF6544
4315	#FF6544
4316	#FF6545
4317	#FF6544
4318	#FF6544
4319	#FF6544
4320	#FF6544
4321	#FF6544
4322	#FF6444
4323	#FF6544
4324	#FF6545
4325	#FF6544
4326	#FF6544
4327	#FF6544
4328	#FF6544
4329	#FF6544
4330	#FF6544
4331	#FF6444
4332	#FF6443
4333	#FF6141
4334	#FF6242
4335	#FF6342
4336	#FF6242
4337	#FF6140
4338	#FF5D3C
4339	#FF5636
4340	#FF5939
4341	#FF5131
4342	#FF5031
4343	#FF4D2E
4344	#FF4729
4345	#FF4729
4346	#FF4A2C
4347	#FF482A
4348	#FF4326
4349	#FF4225
4350	#FF4024
4351	#FF391E
4352	#FF3219
4353	#FF2611
4354	#FF1708
4355	#FF2812
4356	#FF2A13
4357	#FF2913
4358	#FF2812
4359	#FF2A13
4360	#FF2913
4361	#FF2913
4362	#FF2913
4363	#FF2711
4364	#FF200D
4365	#FF0000
4366	#FF1D0B
4367	#FF1D0B
4368	#FF1B0A
4369	#FF1C0A
4370	#FF1F0C
4371	#FF1A09
4372	#E8E1DF
4373	#E5E5E5
4374	#E7E2E1
4375	#EBDBD7
4376	#EBDBD7
4377	#EDD8D3
4378	#EFD5CE
4379	#F2D0C7
4380	#F3CDC3
4381	#F7C4B7
4382	#F8C1B3
4383	#FABCAC
4384	#FCB6A3
4385	#FDB3A0
4386	#FDB29F
4387	#FFA992
4388	#FFAC96
4389	#FFA58D
4390	#FFA087
4391	#FF987D
4392	#FF9175
4393	#FF8466
4394	#FF8365
4395	#FF7757
4396	#FF6847
4397	#FF6140
4398	#FF6444
4399	#FF6746
4400	#FF6746
4401	#FF6747
4402	#FF6847
4403	#FF6747
4404	#FF6747
4405	#FF6746
4406	#FF6746
4407	#FF6747
4408	#FF6747
4409	#FF6847
4410	#FF6847
4411	#FF6847
4412	#FF6847
4413	#FF6847
4414	#FF6747
4415	#FF6747
4416	#FF6847
4417	#FF6847
4418	#FF6747
4419	#FF6747
4420	#FF6747
4421	#FF6747
4422	#FF6747
4423	#FF6747
4424	#FF6646
4425	#FF6645
4426	#FF6342
4427	#FF6444
4428	#FF6544
4429	#FF6443
4430	#FF6242
4431	#FF5E3E
4432	#FF5838
4433	#FF5A3A
4434	#FF5232
4435	#FF5132
4436	#FF4E2F
4437	#FF482A
4438	#FF482A
4439	#FF4B2C
4440	#FF482A
4441	#FF4426
4442	#FF4225
4443	#FF4124
4444	#FF391E
4445	#FF3219
4446	#FF2611
4447	#FF1707
4448	#FF2712
4449	#FF2812
4450	#FF2812
4451	#FF2711
4452	#FF2812
4453	#FF2812
4454	#FF2912
4455	#FF2812
4456	#FF2712
4457	#FF220E
4458	#FF0000
4459	#FF1D0B
4460	#FF1D0B
4461	#FF1C0B
4462	#FF1D0B
4463	#FF1D0B
4464	#FF1507
4465	#FF1A09
4466	#E8E1E0
4467	#E5E5E5
4468	#E7E2E1
4469	#EBDBD7
4470	#EBDBD7
4471	#EDD9D3
4472	#EFD5CE
4473	#F2D0C7
4474	#F3CEC4
4475	#F7C5B8
4476	#F8C2B4
4477	#FABDAD
4478	#FCB6A4
4479	#FDB4A1
4480	#FDB3A0
4481	#FFAA93
4482	#FFAD97
4483	#FFA68E
4484	#FFA189
4485	#FF997F
4486	#FF9377
4487	#FF8668
4488	#FF8567
4489	#FF795A
4490	#FF6B4A
4491	#FF6443
4492	#FF6747
4493	#FF6A49
4494	#FF6A49
4495	#FF6A4A
4496	#FF6A4A
4497	#FF6A49
4498	#FF6A49
4499	#FF6949
4500	#FF6949
4501	#FF6A49
4502	#FF6A49
4503	#FF6A4A
4504	#FF6A4A
4505	#FF6A4A
4506	#FF6A4A
4507	#FF6A4A
4508	#FF6A4A
4509	#FF6A49
4510	#FF6A4A
4511	#FF6A4A
4512	#FF6A49
4513	#FF6A49
4514	#FF6A49
4515	#FF6A49
4516	#FF6A49
4517	#FF6A49
4518	#FF6848
4519	#FF6847
4520	#FF6544
4521	#FF6645
4522	#FF6646
4523	#FF6645
4524	#FF6443
4525	#FF603F
4526	#FF5939
4527	#FF5B3B
4528	#FF5334
4529	#FF5333
4530	#FF4F30
4531	#FF4A2B
4532	#FF492B
4533	#FF4C2D
4534	#FF492B
4535	#FF4427
4536	#FF4326
4537	#FF4124
4538	#FF391E
4539	#FF3319
4540	#FF2611
4541	#FF1707
4542	#FF2711
4543	#FF2812
4544	#FF2711
4545	#FF2510
4546	#FF2812
4547	#FF2711
4548	#FF2812
4549	#FF2812
4550	#FF2712
4551	#FF2410
4552	#FF0000
4553	#FF1D0B
4554	#FF1D0B
4555	#FF1C0B
4556	#FF1D0B
4557	#FF1B0A
4558	#FF0F04
4559	#FF1506
4560	#FF1909
4561	#E8E1E0
4562	#E5E5E5
4563	#E7E2E1
4564	#EBDCD7
4565	#EBDBD7
4566	#EDD9D3
4567	#EFD5CF
4568	#F1D0C8
4569	#F3CEC4
4570	#F7C5B8
4571	#F8C2B4
4572	#FABEAE
4573	#FCB7A5
4574	#FCB4A2
4575	#FDB4A1
4576	#FFAA94
4577	#FEAD98
4578	#FFA68F
4579	#FFA28A
4580	#FF9A80
4581	#FF9478
4582	#FF876A
4583	#FF8769
4584	#FF7B5C
4585	#FF6D4C
4586	#FF6646
4587	#FF6A49
4588	#FF6C4B
4589	#FF6C4B
4590	#FF6C4C
4591	#FF6C4C
4592	#FF6C4C
4593	#FF6C4B
4594	#FF6B4B
4595	#FF6B4B
4596	#FF6B4B
4597	#FF6C4B
4598	#FF6C4C
4599	#FF6C4C
4600	#FF6C4C
4601	#FF6C4C
4602	#FF6C4C
4603	#FF6C4C
4604	#FF6C4C
4605	#FF6C4C
4606	#FF6C4C
4607	#FF6B4B
4608	#FF6B4B
4609	#FF6B4B
4610	#FF6B4B
4611	#FF6C4B
4612	#FF6B4B
4613	#FF6A49
4614	#FF6949
4615	#FF6646
4616	#FF6747
4617	#FF6847
4618	#FF6746
4619	#FF6544
4620	#FF6140
4621	#FF5A3A
4622	#FF5C3C
4623	#FF5435
4624	#FF5434
4625	#FF5031
4626	#FF4A2C
4627	#FF4A2B
4628	#FF4C2E
4629	#FF4A2B
4630	#FF4527
4631	#FF4326
4632	#FF4124
4633	#FF391F
4634	#FF3319
4635	#FF2611
4636	#FF1707
4637	#FF2711
4638	#FF2712
4639	#FF2611
4640	#FF2510
4641	#FF2711
4642	#FF2611
4643	#FF2712
4644	#FF2712
4645	#FF2712
4646	#FF2510
4647	#FF0000
4648	#FF1C0A
4649	#FF1C0A
4650	#FF1C0A
4651	#FF1C0B
4652	#FF1908
4653	#FF0B03
4654	#FF1205
4655	#FF1607
4656	#FF1A09
4657	#E8E1E0
4658	#E5E5E5
4659	#E7E2E1
4660	#EBDBD7
4661	#EBDBD7
4662	#EDD8D3
4663	#EFD5CE
4664	#F2D0C7
4665	#F3CDC4
4666	#F7C5B8
4667	#F8C2B3
4668	#FABDAD
4669	#FCB6A4
4670	#FDB4A1
4671	#FDB3A0
4672	#FFA993
4673	#FFAC97
4674	#FFA58E
4675	#FFA188
4676	#FF997E
4677	#FF9377
4678	#FF8668
4679	#FF8567
4680	#FF795A
4681	#FF6B4A
4682	#FF6443
4683	#FF6747
4684	#FF6A49
4685	#FF6A49
4686	#FF6A4A
4687	#FF6A4A
4688	#FF6A49
4689	#FF6A49
4690	#FF6949
4691	#FF6949
4692	#FF6A49
4693	#FF6A49
4694	#FF6A4A
4695	#FF6A4A
4696	#FF6A4A
4697	#FF6A4A
4698	#FF6A4A
4699	#FF6A4A
4700	#FF6A4A
4701	#FF6A4A
4702	#FF6A4A
4703	#FF6949
4704	#FF6949
4705	#FF6949
4706	#FF6949
4707	#FF6A49
4708	#FF6949
4709	#FF6847
4710	#FF6747
4711	#FF6444
4712	#FF6545
4713	#FF6645
4714	#FF6545
4715	#FF6342
4716	#FF5F3E
4717	#FF5838
4718	#FF5A3A
4719	#FF5233
4720	#FF5232
4721	#FF4E2F
4722	#FF482A
4723	#FF482A
4724	#FF4A2C
4725	#FF482A
4726	#FF4326
4727	#FF4125
4728	#FF4023
4729	#FF381D
4730	#FF3118
4731	#FF2510
4732	#FF1607
4733	#FF2611
4734	#FF2711
4735	#FF2611
4736	#FF2510
4737	#FF2711
4738	#FF2611
4739	#FF2711
4740	#FF2711
4741	#FF2611
4742	#FF230F
4743	#FF0000
4744	#FF1C0A
4745	#FF1C0A
4746	#FF1C0A
4747	#FF1C0B
4748	#FF1C0A
4749	#FF1607
4750	#FF1A09
4751	#FF1C0B
4752	#FF1C0A
4753	#FF1305
4754	#E7E1E0
4755	#E5E5E5
4756	#E7E2E1
4757	#EBDBD7
4758	#EBDBD7
4759	#EDD8D3
4760	#EFD5CE
4761	#F2D0C7
4762	#F3CDC4
4763	#F7C5B8
4764	#F8C2B3
4765	#FABDAD
4766	#FCB6A4
4767	#FDB4A1
4768	#FDB3A0
4769	#FFA993
4770	#FFAC97
4771	#FFA58E
4772	#FFA188
4773	#FF997F
4774	#FF9377
4775	#FF8668
4776	#FF8567
4777	#FF7A5A
4778	#FF6B4B
4779	#FF6544
4780	#FF6848
4781	#FF6A4A
4782	#FF6A4A
4783	#FF6B4A
4784	#FF6B4A
4785	#FF6A4A
4786	#FF6A4A
4787	#FF6A49
4788	#FF6A49
4789	#FF6A49
4790	#FF6A49
4791	#FF6A4A
4792	#FF6B4A
4793	#FF6B4A
4794	#FF6B4A
4795	#FF6B4A
4796	#FF6B4A
4797	#FF6B4A
4798	#FF6B4A
4799	#FF6A4A
4800	#FF6A49
4801	#FF6A49
4802	#FF6A49
4803	#FF6A49
4804	#FF6A49
4805	#FF6A49
4806	#FF6847
4807	#FF6847
4808	#FF6444
4809	#FF6545
4810	#FF6645
4811	#FF6545
4812	#FF6342
4813	#FF5F3E
4814	#FF5838
4815	#FF5A3A
4816	#FF5233
4817	#FF5132
4818	#FF4E2F
4819	#FF482A
4820	#FF4729
4821	#FF4A2C
4822	#FF4729
4823	#FF4225
4824	#FF4124
4825	#FF3F23
4826	#FF371D
4827	#FF3118
4828	#FF2410
4829	#FF1607
4830	#FF2510
4831	#FF2611
4832	#FF2611
4833	#FF2410
4834	#FF2611
4835	#FF2510
4836	#FF2611
4837	#FF2611
4838	#FF2611
4839	#FF220E
4840	#FF0000
4841	#FF1B0A
4842	#FF1B0A
4843	#FF1B0A
4844	#FF1C0A
4845	#FF1B0A
4846	#FF1707
4847	#FF1A09
4848	#FF1C0A
4849	#FF1B0A
4850	#FF1707
4851	#FF1C0A
4852	#E7E2E0
4853	#E5E5E5
4854	#E7E2E1
4855	#EBDCD7
4856	#EBDBD7
4857	#EDD8D3
4858	#EFD5CE
4859	#F2D0C7
4860	#F3CEC4
4861	#F7C5B8
4862	#F8C2B4
4863	#FABDAD
4864	#FCB7A5
4865	#FDB4A1
4866	#FDB3A0
4867	#FFAA94
4868	#FFAD97
4869	#FFA68F
4870	#FFA189
4871	#FF9A7F
4872	#FF9378
4873	#FF8769
4874	#FF8668
4875	#FF7B5B
4876	#FF6D4C
4877	#FF6646
4878	#FF6A49
4879	#FF6C4B
4880	#FF6C4B
4881	#FF6C4B
4882	#FF6C4B
4883	#FF6C4B
4884	#FF6B4B
4885	#FF6B4A
4886	#FF6B4A
4887	#FF6B4B
4888	#FF6B4B
4889	#FF6C4B
4890	#FF6C4B
4891	#FF6C4B
4892	#FF6C4B
4893	#FF6C4B
4894	#FF6C4B
4895	#FF6C4B
4896	#FF6C4B
4897	#FF6C4B
4898	#FF6B4A
4899	#FF6B4A
4900	#FF6B4A
4901	#FF6B4A
4902	#FF6B4A
4903	#FF6B4A
4904	#FF6948
4905	#FF6848
4906	#FF6545
4907	#FF6646
4908	#FF6746
4909	#FF6645
4910	#FF6343
4911	#FF5F3F
4912	#FF5938
4913	#FF5B3B
4914	#FF5233
4915	#FF5232
4916	#FF4E2F
4917	#FF482A
4918	#FF482A
4919	#FF4A2C
4920	#FF472A
4921	#FF4226
4922	#FF4124
4923	#FF3F23
4924	#FF371D
4925	#FF3118
4926	#FF240F
4927	#FF1507
4928	#FF2510
4929	#FF2611
4930	#FF2510
4931	#FF240F
4932	#FF2611
4933	#FF2510
4934	#FF2611
4935	#FF2611
4936	#FF2510
4937	#FF230F
4938	#FF0000
4939	#FF1B0A
4940	#FF1B0A
4941	#FF1B0A
4942	#FF1B0A
4943	#FF1A09
4944	#FF1507
4945	#FF1909
4946	#FF1B0A
4947	#FF1B0A
4948	#FF1A09
4949	#FF1B0A
4950	#FF1B0A
4951	#E7E2E0
4952	#E5E5E5
4953	#E7E2E1
4954	#EBDCD7
4955	#EBDBD7
4956	#EDD8D3
4957	#EFD5CE
4958	#F2D0C8
4959	#F3CEC4
4960	#F7C5B8
4961	#F8C2B4
4962	#FABDAE
4963	#FCB7A5
4964	#FCB4A1
4965	#FDB3A0
4966	#FFAA94
4967	#FEAD98
4968	#FFA68F
4969	#FFA289
4970	#FF9A80
4971	#FF9478
4972	#FF886A
4973	#FF8769
4974	#FF7C5C
4975	#FF6E4D
4976	#FF6747
4977	#FF6B4A
4978	#FF6D4C
4979	#FF6D4C
4980	#FF6D4C
4981	#FF6D4C
4982	#FF6D4C
4983	#FF6C4C
4984	#FF6C4B
4985	#FF6C4B
4986	#FF6C4B
4987	#FF6C4C
4988	#FF6D4C
4989	#FF6D4C
4990	#FF6D4C
4991	#FF6D4C
4992	#FF6D4C
4993	#FF6D4C
4994	#FF6D4C
4995	#FF6D4C
4996	#FF6C4C
4997	#FF6B4B
4998	#FF6B4B
4999	#FF6B4B
5000	#FF6B4B
5001	#FF6C4B
5002	#FF6B4B
5003	#FF6949
5004	#FF6948
5005	#FF6645
5006	#FF6646
5007	#FF6746
5008	#FF6645
5009	#FF6443
5010	#FF5F3F
5011	#FF5939
5012	#FF5B3B
5013	#FF5333
5014	#FF5232
5015	#FF4E2F
5016	#FF482A
5017	#FF482A
5018	#FF4A2C
5019	#FF4729
5020	#FF4225
5021	#FF4124
5022	#FF3F23
5023	#FF371D
5024	#FF3018
5025	#FF240F
5026	#FF1507
5027	#FF2510
5028	#FF2510
5029	#FF2510
5030	#FF230F
5031	#FF2510
5032	#FF2410
5033	#FF2510
5034	#FF2610
5035	#FF2510
5036	#FF230F
5037	#FF0000
5038	#FF1B0A
5039	#FF1B0A
5040	#FF1B0A
5041	#FF1B0A
5042	#FF1A09
5043	#FF1506
5044	#FF1808
5045	#FF1A09
5046	#FF1B0A
5047	#FF1A09
5048	#FF1B09
5049	#FF1A09
5050	#FF1B0A
5051	#FF0000
5052	#FF0000
5053	#E5E5E5
5054	#FF0000
5055	#E5E5E5
5056	#EADDD9
5057	#FF0000
5058	#EBDBD7
5059	#E5E5E5
5060	#F1D1C9
5061	#FF0000
5062	#EED7D1
5063	#E8E1DF
5064	#EFD5CF
5065	#E5E5E5
5066	#FF0000
5067	#EED7D1
5068	#E8E0DE
5069	#ECDBD7
5070	#E5E5E5
5071	#E5E5E4
5072	#FF0000
5073	#EFD6CF
5074	#E9DFDD
5075	#E6E4E3
5076	#E5E5E5
5077	#E7E2E1
5078	#E8E0DE
5079	#FF0000
5080	#EED6D0
5081	#E9E0DD
5082	#E8E1DF
5083	#E5E5E5
5084	#E6E4E4
5085	#E5E4E4
5086	#E5E5E5
5087	#FF0000
5088	#F3CDC3
5089	#EFD6CF
5090	#E5E5E5
5091	#ECDAD5
5092	#F0D3CB
5093	#F3CEC4
5094	#EFD5CE
5095	#FEAE99
5096	#FF0000
5097	#F2CFC6
5098	#EDD8D3
5099	#E5E5E5
5100	#EADDDA
5101	#EDD9D4
5102	#EED7D1
5103	#EADEDB
5104	#F1D1C8
5105	#E6E3E2
5106	#FF0000
5107	#F2CFC5
5108	#EED8D2
5109	#E5E5E5
5110	#EBDDD9
5111	#EDD8D3
5112	#EED6D0
5113	#EADEDA
5114	#F0D3CB
5115	#E5E5E5
5116	#E5E5E4
5117	#FF0000
5118	#F4CCC2
5119	#EFD5CE
5120	#E5E5E5
5121	#EDD9D3
5122	#F0D3CC
5123	#F2D0C8
5124	#EDD8D2
5125	#F4CBC0
5126	#E6E4E3
5127	#E9DFDC
5128	#EBDDD9
5129	#FF0000
5130	#F2CEC5
5131	#EED8D2
5132	#E5E5E5
5133	#EBDCD9
5134	#EDD9D3
5135	#EED8D2
5136	#EADEDB
5137	#EED7D1
5138	#E5E5E5
5139	#E5E4E4
5140	#E5E5E5
5141	#EADEDB
5142	#FF0000
5143	#F0D3CC
5144	#EBDDD9
5145	#E5E5E5
5146	#E7E2E1
5147	#E8E0DE
5148	#E8E1DF
5149	#E5E5E5
5150	#E7E2E1
5151	#E7E2E1
5152	#E6E4E4
5153	#E8E1DF
5154	#F5CABF
5155	#F3CEC4
5156	#FF0000
5157	#F3CEC4
5158	#EED7D1
5159	#E5E5E5
5160	#EBDCD8
5161	#EDD8D3
5162	#EED7D2
5163	#EADEDB
5164	#EED7D1
5165	#E5E5E5
5166	#E6E4E4
5167	#E5E5E4
5168	#E6E4E3
5169	#E5E5E4
5170	#FABCAC
5171	#FF0000
5172	#F0D4CD
5173	#EADEDA
5174	#E7E3E2
5175	#E6E3E2
5176	#E7E2E1
5177	#E7E2E1
5178	#E5E5E5
5179	#E6E4E4
5180	#EADDDA
5181	#E9E0DD
5182	#ECDBD7
5183	#F6C7BB
5184	#F3CEC5
5185	#E8E0DE
5186	#FF7C5D
5187	#FF0000
5188	#F0D2CB
5189	#EBDCD8
5190	#E6E4E3
5191	#E7E1E0
5192	#E8E0DE
5193	#E8E0DE
5194	#E6E4E4
5195	#E7E2E1
5196	#E7E2E0
5197	#E6E3E2
5198	#E8E1E0
5199	#EED6D0
5200	#EBDDD9
5201	#E5E5E5
5202	#F5CABF
5203	#EBDCD8
5204	#FF0000
5205	#F0D3CB
5206	#EBDCD9
5207	#E6E4E3
5208	#E7E2E0
5209	#E8E1DF
5210	#E8E1DF
5211	#E5E4E4
5212	#E7E3E2
5213	#E7E1E0
5214	#E6E3E2
5215	#E8E1E0
5216	#EED7D1
5217	#EADDDA
5218	#E5E5E5
5219	#F2D0C7
5220	#E7E1E0
5221	#E5E5E5
5222	#FF0000
5223	#F1D1C9
5224	#ECDBD6
5225	#E5E5E4
5226	#E8E0DE
5227	#E9DEDC
5228	#E9DFDC
5229	#E6E3E2
5230	#E8E0DE
5231	#E6E4E4
5232	#E5E5E5
5233	#E5E4E4
5234	#E9DFDC
5235	#E6E3E2
5236	#E6E4E4
5237	#E9DFDC
5238	#EDD9D4
5239	#E8E1DF
5240	#ECDAD5
5241	#FF0000
5242	#F1D1C8
5243	#ECDAD6
5244	#E5E5E4
5245	#E9E0DD
5246	#EADEDB
5247	#EADEDB
5248	#E7E2E1
5249	#E9DFDD
5250	#E6E4E4
5251	#E5E5E5
5252	#E5E5E4
5253	#E8E1DF
5254	#E6E4E3
5255	#E6E3E3
5256	#E8E1E0
5257	#EDD9D3
5258	#E8E0DE
5259	#ECDBD7
5260	#E6E4E4
5261	#FF0000
5262	#F3CDC3
5263	#EED6D0
5264	#E5E5E5
5265	#EBDBD7
5266	#EDD8D2
5267	#EED7D1
5268	#EADDDA
5269	#EED8D2
5270	#E5E5E5
5271	#E6E3E3
5272	#E6E4E3
5273	#E5E5E5
5274	#E6E4E3
5275	#EDD8D3
5276	#E5E4E4
5277	#F9BEAE
5278	#F6C7BB
5279	#FCB8A6
5280	#F8C3B5
5281	#FF0000
5282	#F2D0C7
5283	#EDD9D4
5284	#E5E5E5
5285	#E9DFDC
5286	#EBDDD9
5287	#EBDDD9
5288	#E7E1E0
5289	#EADEDB
5290	#E5E5E5
5291	#E5E5E5
5292	#E5E5E5
5293	#E7E3E2
5294	#E5E5E5
5295	#E7E2E1
5296	#E6E4E3
5297	#EED7D1
5298	#EADEDB
5299	#ECDAD6
5300	#E7E2E1
5301	#FF0000
5302	#F3CEC4
5303	#EED7D1
5304	#E5E5E5
5305	#EBDCD8
5306	#EDD9D4
5307	#EDD8D3
5308	#EADEDB
5309	#EDD9D4
5310	#E5E5E5
5311	#E6E4E3
5312	#E6E4E4
5313	#E5E5E5
5314	#E5E4E4
5315	#EBDBD7
5316	#E5E5E5
5317	#F5C9BE
5318	#F1D2CA
5319	#F4CABF
5320	#EFD5CE
5321	#FF0000
5322	#F4CBC0
5323	#F0D4CC
5324	#E5E5E5
5325	#EDD8D3
5326	#F0D4CC
5327	#F0D2CA
5328	#EDD9D4
5329	#F1D2CA
5330	#E6E3E2
5331	#E8E0DE
5332	#E8E1DF
5333	#E6E4E4
5334	#E9E0DE
5335	#F2D0C7
5336	#E9E0DE
5337	#FDB4A1
5338	#FABDAE
5339	#FDB19D
5340	#FABDAD
5341	#FF0000
5342	#F4CCC1
5343	#EFD4CD
5344	#E5E5E5
5345	#EDD9D4
5346	#EFD5CE
5347	#F0D4CD
5348	#ECDAD6
5349	#F0D4CD
5350	#E6E4E3
5351	#E8E1DF
5352	#E7E2E0
5353	#E5E4E4
5354	#E8E1E0
5355	#F0D3CC
5356	#E7E2E0
5357	#FABCAC
5358	#F6C6B9
5359	#FABCAC
5360	#F5C8BC
5361	#FDB29F
5362	#E9E0DD
5363	#E7E3E2
5364	#E5E4E4
5365	#E5E4E4
5366	#E6E4E4
5367	#E6E4E4
5368	#E5E5E5
5369	#E5E5E5
5370	#E6E4E3
5371	#E6E4E4
5372	#E6E4E3
5373	#E8E1E0
5374	#E6E3E2
5375	#E5E5E5
5376	#E8E1E0
5377	#E5E5E5
5378	#E5E5E5
5379	#E5E5E5
5380	#E6E3E2
5381	#FCB6A4
5382	#E8E1DF
5383	#E6E4E3
5384	#E6E4E3
5385	#E5E5E5
5386	#E5E5E5
5387	#E5E5E5
5388	#E5E5E5
5389	#E5E5E5
5390	#E7E2E0
5391	#E7E2E1
5392	#E8E1DF
5393	#EADDDA
5394	#E9DFDC
5395	#E7E3E2
5396	#EBDCD8
5397	#E6E4E3
5398	#E7E1E0
5399	#E8E1E0
5400	#EBDCD9
5401	#F8C3B5
5402	#E7E3E2
5403	#E5E5E4
5404	#E6E3E2
5405	#E5E5E5
5406	#E5E5E5
5407	#E5E5E5
5408	#E6E4E3
5409	#E6E4E4
5410	#E9DFDC
5411	#E9DFDD
5412	#EADEDA
5413	#EDD9D4
5414	#ECDBD6
5415	#EADEDC
5416	#EFD6CF
5417	#E9DFDD
5418	#ECDBD7
5419	#ECDAD5
5420	#F0D3CB
5421	#F7C4B7
5422	#E6E3E3
5423	#E5E5E5
5424	#E7E3E2
5425	#E5E5E5
5426	#E5E5E5
5427	#E5E5E4
5428	#E6E3E2
5429	#E6E3E3
5430	#EADDDA
5431	#EADDDA
5432	#ECDBD7
5433	#EFD6CF
5434	#EED7D1
5435	#EBDBD7
5436	#F1D1C9
5437	#EBDCD8
5438	#EED7D0
5439	#EFD5CE
5440	#F3CCC2
5441	#F9BEAF
5442	#FFA48C
5443	#FFAA94
5444	#FF8A6D
5445	#FF4D2E
5446	#FF0000
5447	#FF8E71
5448	#FFA38B
5449	#F6C7BA
5450	#F0D3CB
5451	#FBB8A7
5452	#FF9D84
5453	#FFA38B
5454	#FF8365
5455	#FF4729
5456	#FF0000
5457	#FF876A
5458	#FF9C82
5459	#FABEAE
5460	#F5C9BE
5461	#FF4B2D
5462	#FDB39F
5463	#FF977D
5464	#FF9C83
5465	#FF7D5E
5466	#FF4326
5467	#FF0000
5468	#FF8061
5469	#FF9378
5470	#FDB3A0
5471	#F9BEAE
5472	#FF4729
5473	#FF4B2C
5474	#FEAE9A
5475	#FF9377
5476	#FF987D
5477	#FF7959
5478	#FF4023
5479	#FF0000
5480	#FF7D5E
5481	#FF9074
5482	#FEAF9A
5483	#FBBAA8
5484	#FF4225
5485	#FF4629
5486	#FF4628
5487	#FFA993
5488	#FF8E72
5489	#FF9277
5490	#FF7454
5491	#FF3D21
5492	#FF0000
5493	#FF7656
5494	#FF886A
5495	#FFA48C
5496	#FEAE99
5497	#FF4124
5498	#FF4427
5499	#FF4527
5500	#FF4628
5501	#FFA58D
5502	#FF8A6D
5503	#FF8D71
5504	#FF7050
5505	#FF3B20
5506	#FF0000
5507	#FF6F4F
5508	#FF7F60
5509	#FF997F
5510	#FFA28A
5511	#FF3F23
5512	#FF4124
5513	#FF4125
5514	#FF3F23
5515	#FF3F23
5516	#FFA188
5517	#FF8769
5518	#FF896C
5519	#FF6C4C
5520	#FF391E
5521	#FF0000
5522	#FF6A49
5523	#FF7859
5524	#FF9175
5525	#FF997E
5526	#FF3D21
5527	#FF3E22
5528	#FF3E22
5529	#FF3B20
5530	#FF3B20
5531	#FF3D21
5532	#FF9D83
5533	#FF8365
5534	#FF8567
5535	#FF6948
5536	#FF381D
5537	#FF0000
5538	#FF6343
5539	#FF7050
5540	#FF8769
5541	#FF8D71
5542	#FF391E
5543	#FF391E
5544	#FF381D
5545	#FF3219
5546	#FF3118
5547	#FF3219
5548	#FF3118
5549	#FF997F
5550	#FF8162
5551	#FF8263
5552	#FF6646
5553	#FF371C
5554	#FF0000
5555	#FF5F3F
5556	#FF6C4B
5557	#FF8162
5558	#FF8769
5559	#FF371D
5560	#FF361C
5561	#FF351B
5562	#FF2E16
5563	#FF2D15
5564	#FF2F17
5565	#FF2F17
5566	#FF361C
5567	#FF977C
5568	#FF7E5F
5569	#FF7F60
5570	#FF6443
5571	#FF351B
5572	#FF0000
5573	#FF5D3C
5574	#FF6848
5575	#FF7D5E
5576	#FF8263
5577	#FF351B
5578	#FF341B
5579	#FF331A
5580	#FF2C15
5581	#FF2C15
5582	#FF2E16
5583	#FF2E16
5584	#FF341A
5585	#FF351B
5586	#FF9479
5587	#FF7C5D
5588	#FF7D5D
5589	#FF6242
5590	#FF341B
5591	#FF0000
5592	#FF5A3A
5593	#FF6645
5594	#FF7A5A
5595	#FF7F60
5596	#FF341A
5597	#FF331A
5598	#FF3219
5599	#FF2C15
5600	#FF2C15
5601	#FF2E16
5602	#FF2F17
5603	#FF331A
5604	#FF341A
5605	#FF341A
5606	#FF9276
5607	#FF7A5B
5608	#FF7B5B
5609	#FF6040
5610	#FF331A
5611	#FF0000
5612	#FF5838
5613	#FF6343
5614	#FF7757
5615	#FF7C5C
5616	#FF331A
5617	#FF3219
5618	#FF3118
5619	#FF2C14
5620	#FF2B14
5621	#FF2D16
5622	#FF2E16
5623	#FF3219
5624	#FF3319
5625	#FF331A
5626	#FF3319
5627	#FF9074
5628	#FF7859
5629	#FF7858
5630	#FF5E3E
5631	#FF3219
5632	#FF0000
5633	#FF5535
5634	#FF5F3F
5635	#FF7151
5636	#FF7656
5637	#FF3018
5638	#FF2E16
5639	#FF2C15
5640	#FF2611
5641	#FF2510
5642	#FF2711
5643	#FF2712
5644	#FF2D15
5645	#FF2E16
5646	#FF2E16
5647	#FF2C15
5648	#FF2912
5649	#FF8E71
5650	#FF7757
5651	#FF7656
5652	#FF5D3C
5653	#FF3219
5654	#FF0000
5655	#FF5333
5656	#FF5D3C
5657	#FF6F4E
5658	#FF7252
5659	#FF2F17
5660	#FF2D15
5661	#FF2B14
5662	#FF240F
5663	#FF230F
5664	#FF2510
5665	#FF2611
5666	#FF2B14
5667	#FF2C15
5668	#FF2C15
5669	#FF2B14
5670	#FF2913
5671	#FF2E16
5672	#FF8D70
5673	#FF7555
5674	#FF7555
5675	#FF5C3C
5676	#FF3118
5677	#FF0000
5678	#FF5434
5679	#FF5E3E
5680	#FF7050
5681	#FF7555
5682	#FF3018
5683	#FF2F17
5684	#FF2E16
5685	#FF2A14
5686	#FF2A14
5687	#FF2C15
5688	#FF2D15
5689	#FF2F17
5690	#FF3017
5691	#FF3018
5692	#FF3018
5693	#FF3018
5694	#FF2B14
5695	#FF1F0C
5696	#FF8C6F
5697	#FF7454
5698	#FF7454
5699	#FF5B3B
5700	#FF3017
5701	#FF0000
5702	#FF5334
5703	#FF5D3D
5704	#FF7050
5705	#FF7454
5706	#FF3017
5707	#FF2F17
5708	#FF2F17
5709	#FF2C14
5710	#FF2C15
5711	#FF2D16
5712	#FF2E16
5713	#FF3017
5714	#FF3017
5715	#FF3017
5716	#FF2F17
5717	#FF2F17
5718	#FF2913
5719	#FF1F0C
5720	#FF2E16
5721	#FF8B6E
5722	#FF7353
5723	#FF7353
5724	#FF5A3A
5725	#FF2F17
5726	#FF0000
5727	#FF5434
5728	#FF5F3E
5729	#FF7151
5730	#FF7656
5731	#FF3018
5732	#FF3118
5733	#FF3018
5734	#FF2F17
5735	#FF2F17
5736	#FF3018
5737	#FF3018
5738	#FF3018
5739	#FF2F17
5740	#FF2E16
5741	#FF2D16
5742	#FF2C15
5743	#FF1E0C
5744	#FF0401
5745	#FF220E
5746	#FF896C
5747	#FF7252
5748	#FF7252
5749	#FF5939
5750	#FF2E16
5751	#FF0000
5752	#FF5333
5753	#FF5D3D
5754	#FF704F
5755	#FF7454
5756	#FF3017
5757	#FF3018
5758	#FF3017
5759	#FF2E16
5760	#FF2E16
5761	#FF2F17
5762	#FF3017
5763	#FF3017
5764	#FF2F17
5765	#FF2E16
5766	#FF2D16
5767	#FF2C15
5768	#FF220E
5769	#FF1607
5770	#FF2712
5771	#FF886B
5772	#FF7151
5773	#FF7151
5774	#FF5838
5775	#FF2E16
5776	#FF0000
5777	#FF5232
5778	#FF5C3C
5779	#FF6E4E
5780	#FF7353
5781	#FF2F17
5782	#FF2F17
5783	#FF2F17
5784	#FF2D16
5785	#FF2E16
5786	#FF2F17
5787	#FF2F17
5788	#FF2F17
5789	#FF2E16
5790	#FF2D16
5791	#FF2D15
5792	#FF2C15
5793	#FF230F
5794	#FF1B0A
5795	#FF2812
5796	#FF8769
5797	#FF7050
5798	#FF7050
5799	#FF5737
5800	#FF2D16
5801	#FF0000
5802	#FF5131
5803	#FF5B3B
5804	#FF6D4C
5805	#FF7151
5806	#FF2E16
5807	#FF2F17
5808	#FF2E17
5809	#FF2D15
5810	#FF2D16
5811	#FF2E16
5812	#FF2F17
5813	#FF2E16
5814	#FF2E16
5815	#FF2D15
5816	#FF2D15
5817	#FF2C15
5818	#FF2410
5819	#FF1E0C
5820	#FF2913
5821	#FF8668
5822	#FF6F4F
5823	#FF6F4E
5824	#FF5636
5825	#FF2D15
5826	#FF0000
5827	#FF4F30
5828	#FF5939
5829	#FF6A4A
5830	#FF6F4E
5831	#FF2D16
5832	#FF2D16
5833	#FF2D16
5834	#FF2B14
5835	#FF2B14
5836	#FF2D15
5837	#FF2D16
5838	#FF2D16
5839	#FF2D16
5840	#FF2D15
5841	#FF2D15
5842	#FF2C15
5843	#FF2712
5844	#FF240F
5845	#FF2B14
5846	#FF8567
5847	#FF6E4E
5848	#FF6E4D
5849	#FF5536
5850	#FF2C15
5851	#FF0000
5852	#FF4F30
5853	#FF5838
5854	#FF6A49
5855	#FF6E4E
5856	#FF2D16
5857	#FF2D16
5858	#FF2D15
5859	#FF2B14
5860	#FF2B14
5861	#FF2C15
5862	#FF2D15
5863	#FF2D16
5864	#FF2D15
5865	#FF2C15
5866	#FF2C15
5867	#FF2C15
5868	#FF2711
5869	#FF230F
5870	#FF2B14
5871	#FF8566
5872	#FF6E4D
5873	#FF6E4D
5874	#FF5536
5875	#FF2C15
5876	#FF0100
5877	#FF5031
5878	#FF5A3A
5879	#FF6C4C
5880	#FF7151
5881	#FF2E16
5882	#FF2F17
5883	#FF2F17
5884	#FF2E16
5885	#FF2F17
5886	#FF2F17
5887	#FF2F17
5888	#FF2D16
5889	#FF2C15
5890	#FF2A14
5891	#FF2A13
5892	#FF2913
5893	#FF1F0C
5894	#FF1607
5895	#FF2410
5896	#FF8465
5897	#FF6D4C
5898	#FF6D4C
5899	#FF5535
5900	#FF2B14
5901	#FF0000
5902	#FF4F30
5903	#FF5A3A
5904	#FF6B4B
5905	#FF7050
5906	#FF2D16
5907	#FF2E16
5908	#FF2E16
5909	#FF2E16
5910	#FF2E16
5911	#FF2E17
5912	#FF2E16
5913	#FF2D15
5914	#FF2B14
5915	#FF2913
5916	#FF2913
5917	#FF2712
5918	#FF1D0B
5919	#FF1506
5920	#FF230F
5921	#FF8566
5922	#FF6E4E
5923	#FF6E4E
5924	#FF5737
5925	#FF3018
5926	#FF1005
5927	#FF5333
5928	#FF5D3D
5929	#FF6F4E
5930	#FF7454
5931	#FF3219
5932	#FF331A
5933	#FF341A
5934	#FF341A
5935	#FF341A
5936	#FF341A
5937	#FF331A
5938	#FF3018
5939	#FF2E16
5940	#FF2C15
5941	#FF2B14
5942	#FF2913
5943	#FF1C0A
5944	#FF1004
5945	#FF220E
5946	#FF1F0C
5947	#FF2812
5948	#FF2611
5949	#FF2510
5950	#FF220E
5951	#FF1105
5952	#FF0802
5953	#FF2812
5954	#FF2812
5955	#FF2F17
5956	#FF230F
5957	#FF2A13
5958	#FF2913
5959	#FF2812
5960	#FF2711
5961	#FF1E0C
5962	#FF1D0B
5963	#FF2C15
5964	#FF2C15
5965	#FF2C15
5966	#FF2E16
5967	#FF220E
5968	#FF2913
5969	#FF2812
5970	#FF2711
5971	#FF2510
5972	#FF1D0B
5973	#FF1B0A
5974	#FF2B14
5975	#FF2B14
5976	#FF2E16
5977	#FF3018
5978	#FF381D
5979	#FF1C0B
5980	#FF2611
5981	#FF240F
5982	#FF220E
5983	#FF200D
5984	#FF1205
5985	#FF0E04
5986	#FF2611
5987	#FF2611
5988	#FF2D16
5989	#FF2F17
5990	#FF3219
5991	#FF3018
5992	#FF1D0B
5993	#FF2812
5994	#FF2510
5995	#FF230F
5996	#FF1F0D
5997	#FF0D03
5998	#FF0602
5999	#FF2510
6000	#FF2510
6001	#FF2F17
6002	#FF2F17
6003	#FF2F17
6004	#FF2B14
6005	#FF2E16
6006	#FF210E
6007	#FF2C15
6008	#FF2812
6009	#FF2610
6010	#FF210E
6011	#FF0A03
6012	#FF0000
6013	#FF2611
6014	#FF2510
6015	#FF3018
6016	#FF2F17
6017	#FF2A13
6018	#FF2410
6019	#FF2711
6020	#FF2913
6021	#FF1D0B
6022	#FF2812
6023	#FF2510
6024	#FF230F
6025	#FF1F0C
6026	#FF0D03
6027	#FF0602
6028	#FF2510
6029	#FF2510
6030	#FF2F17
6031	#FF2F17
6032	#FF3017
6033	#FF2E17
6034	#FF3018
6035	#FF3018
6036	#FF2510
6037	#FF210E
6038	#FF2C15
6039	#FF2913
6040	#FF2510
6041	#FF210D
6042	#FF0A02
6043	#FF0000
6044	#FF2510
6045	#FF2410
6046	#FF3018
6047	#FF2F17
6048	#FF2C15
6049	#FF2913
6050	#FF2B14
6051	#FF2E16
6052	#FF2F17
6053	#FF2510
6054	#FF1F0C
6055	#FF2A14
6056	#FF2711
6057	#FF240F
6058	#FF1F0C
6059	#FF0802
6060	#FF0000
6061	#FF2410
6062	#FF240F
6063	#FF2F17
6064	#FF2E16
6065	#FF2D16
6066	#FF2B14
6067	#FF2D16
6068	#FF2F17
6069	#FF2D16
6070	#FF2E16
6071	#FF2C15
6072	#FF1F0C
6073	#FF2B14
6074	#FF2711
6075	#FF240F
6076	#FF1F0C
6077	#FF0802
6078	#FF0000
6079	#FF2410
6080	#FF240F
6081	#FF2F17
6082	#FF2E16
6083	#FF2D16
6084	#FF2C15
6085	#FF2E16
6086	#FF2F17
6087	#FF2D16
6088	#FF2E16
6089	#FF2D16
6090	#FF2F17
6091	#FF210D
6092	#FF2C15
6093	#FF2812
6094	#FF2510
6095	#FF200D
6096	#FF0902
6097	#FF0000
6098	#FF2510
6099	#FF240F
6100	#FF2F17
6101	#FF2E16
6102	#FF2D16
6103	#FF2C15
6104	#FF2D16
6105	#FF2F17
6106	#FF2E16
6107	#FF2E16
6108	#FF2E16
6109	#FF2F17
6110	#FF2F17
6111	#FF1E0C
6112	#FF2A13
6113	#FF2611
6114	#FF230F
6115	#FF1E0C
6116	#FF0702
6117	#FF0000
6118	#FF240F
6119	#FF230F
6120	#FF2E16
6121	#FF2E16
6122	#FF2E16
6123	#FF2D15
6124	#FF2E16
6125	#FF2F17
6126	#FF2D15
6127	#FF2F17
6128	#FF2D15
6129	#FF2E16
6130	#FF2E16
6131	#FF2C15
6132	#FF1D0B
6133	#FF2812
6134	#FF2510
6135	#FF230F
6136	#FF1F0C
6137	#FF0E04
6138	#FF0902
6139	#FF2510
6140	#FF2510
6141	#FF2E16
6142	#FF2F17
6143	#FF3118
6144	#FF3018
6145	#FF3118
6146	#FF3018
6147	#FF2B14
6148	#FF3018
6149	#FF2A13
6150	#FF2C15
6151	#FF2A14
6152	#FF230F
6153	#FF2410
6154	#FF1D0B
6155	#FF2812
6156	#FF2510
6157	#FF230F
6158	#FF1F0C
6159	#FF0E04
6160	#FF0A03
6161	#FF2510
6162	#FF2510
6163	#FF2E16
6164	#FF2F17
6165	#FF3118
6166	#FF3118
6167	#FF3118
6168	#FF3018
6169	#FF2B14
6170	#FF3018
6171	#FF2913
6172	#FF2C15
6173	#FF2A14
6174	#FF2510
6175	#FF2812
6176	#FF3118
6177	#FF1D0B
6178	#FF2812
6179	#FF2510
6180	#FF230F
6181	#FF1F0C
6182	#FF0E04
6183	#FF0A02
6184	#FF2510
6185	#FF2510
6186	#FF2E16
6187	#FF2F17
6188	#FF3118
6189	#FF3118
6190	#FF3118
6191	#FF3017
6192	#FF2B14
6193	#FF3018
6194	#FF2A14
6195	#FF2D15
6196	#FF2B14
6197	#FF2812
6198	#FF2B14
6199	#FF3118
6200	#FF3118
6201	#FF1D0B
6202	#FF2812
6203	#FF2510
6204	#FF220E
6205	#FF1F0C
6206	#FF0F04
6207	#FF0C03
6208	#FF2510
6209	#FF2510
6210	#FF2E16
6211	#FF2F17
6212	#FF3219
6213	#FF3119
6214	#FF3119
6215	#FF3017
6216	#FF2B14
6217	#FF3017
6218	#FF2913
6219	#FF2C15
6220	#FF2A14
6221	#FF2611
6222	#FF2913
6223	#FF3018
6224	#FF3118
6225	#FF3017
6226	#FF1D0B
6227	#FF2712
6228	#FF2410
6229	#FF220E
6230	#FF1F0C
6231	#FF1105
6232	#FF0E04
6233	#FF2510
6234	#FF2510
6235	#FF2E16
6236	#FF2F17
6237	#FF3219
6238	#FF3219
6239	#FF3119
6240	#FF2F17
6241	#FF2A13
6242	#FF2F17
6243	#FF2812
6244	#FF2A14
6245	#FF2913
6246	#FF2410
6247	#FF2812
6248	#FF2F17
6249	#FF3017
6250	#FF2E16
6251	#FF3018
6252	#FF1D0B
6253	#FF2812
6254	#FF2510
6255	#FF220E
6256	#FF1F0C
6257	#FF1004
6258	#FF0D03
6259	#FF2510
6260	#FF2510
6261	#FF2E16
6262	#FF2F17
6263	#FF3219
6264	#FF3219
6265	#FF3119
6266	#FF3017
6267	#FF2A14
6268	#FF3017
6269	#FF2913
6270	#FF2C15
6271	#FF2A14
6272	#FF2712
6273	#FF2A14
6274	#FF3018
6275	#FF3118
6276	#FF3018
6277	#FF3119
6278	#FF3118
6279	#FF1D0B
6280	#FF2812
6281	#FF2510
6282	#FF220E
6283	#FF1F0C
6284	#FF1004
6285	#FF0D03
6286	#FF2510
6287	#FF2510
6288	#FF2E16
6289	#FF2F17
6290	#FF3219
6291	#FF3219
6292	#FF3118
6293	#FF3017
6294	#FF2B14
6295	#FF3017
6296	#FF2913
6297	#FF2C15
6298	#FF2B14
6299	#FF2812
6300	#FF2B14
6301	#FF3018
6302	#FF3118
6303	#FF3018
6304	#FF3119
6305	#FF3119
6306	#FF3219
6307	#FF1D0B
6308	#FF2812
6309	#FF2510
6310	#FF220E
6311	#FF1F0C
6312	#FF0F04
6313	#FF0B03
6314	#FF2510
6315	#FF2510
6316	#FF2E16
6317	#FF2E17
6318	#FF3118
6319	#FF3118
6320	#FF3118
6321	#FF3017
6322	#FF2B14
6323	#FF3017
6324	#FF2A14
6325	#FF2C15
6326	#FF2C15
6327	#FF2913
6328	#FF2C15
6329	#FF3018
6330	#FF3118
6331	#FF3118
6332	#FF3118
6333	#FF3118
6334	#FF3118
6335	#FF3118
6336	#FF1D0B
6337	#FF2812
6338	#FF2510
6339	#FF220E
6340	#FF1F0C
6341	#FF0F04
6342	#FF0B03
6343	#FF2510
6344	#FF2510
6345	#FF2E16
6346	#FF2E16
6347	#FF3118
6348	#FF3118
6349	#FF3118
6350	#FF3017
6351	#FF2B14
6352	#FF3017
6353	#FF2A14
6354	#FF2D15
6355	#FF2C15
6356	#FF2A13
6357	#FF2C15
6358	#FF3018
6359	#FF3118
6360	#FF3118
6361	#FF3118
6362	#FF3118
6363	#FF3118
6364	#FF3118
6365	#FF3118
6366	#FF2711
6367	#FF2E17
6368	#FF2C15
6369	#FF2B14
6370	#FF2913
6371	#FF210D
6372	#FF200D
6373	#FF2E16
6374	#FF2E16
6375	#FF341B
6376	#FF351B
6377	#FF391E
6378	#FF391E
6379	#FF381D
6380	#FF361C
6381	#FF3017
6382	#FF351B
6383	#FF2E16
6384	#FF3018
6385	#FF2F17
6386	#FF2B14
6387	#FF2E16
6388	#FF341B
6389	#FF351B
6390	#FF331A
6391	#FF351B
6392	#FF361C
6393	#FF341B
6394	#FF3219
6395	#FF2913
6396	#FF0B03
6397	#FF2410
6398	#FF2C15
6399	#FF2A14
6400	#FF2913
6401	#FF2712
6402	#FF1F0C
6403	#FF1F0C
6404	#FF2C15
6405	#FF2D15
6406	#FF3219
6407	#FF341A
6408	#FF381D
6409	#FF381D
6410	#FF371C
6411	#FF341A
6412	#FF2D15
6413	#FF331A
6414	#FF2A14
6415	#FF2D15
6416	#FF2B14
6417	#FF2611
6418	#FF2913
6419	#FF3118
6420	#FF3118
6421	#FF2F17
6422	#FF3118
6423	#FF331A
6424	#FF2F17
6425	#FF2D15
6426	#FF220E
6427	#FF0B03
6428	#FF2913
6429	#FF2C15
6430	#FF3219
6431	#FF3118
6432	#FF3017
6433	#FF2E17
6434	#FF2913
6435	#FF2912
6436	#FF3319
6437	#FF331A
6438	#FF381D
6439	#FF391E
6440	#FF3D21
6441	#FF3D21
6442	#FF3B20
6443	#FF381E
6444	#FF3119
6445	#FF371D
6446	#FF2E16
6447	#FF3118
6448	#FF2E17
6449	#FF2A13
6450	#FF2C15
6451	#FF341A
6452	#FF341A
6453	#FF3219
6454	#FF331A
6455	#FF351B
6456	#FF3018
6457	#FF2D15
6458	#FF210D
6459	#FF0A03
6460	#FF2812
6461	#FF2E16
6462	#FF3017
6463	#FF351B
6464	#FF341A
6465	#FF331A
6466	#FF3219
6467	#FF2E16
6468	#FF2D16
6469	#FF361C
6470	#FF361C
6471	#FF3A1F
6472	#FF3B20
6473	#FF4023
6474	#FF4023
6475	#FF3E22
6476	#FF3A1F
6477	#FF331A
6478	#FF391E
6479	#FF3018
6480	#FF3219
6481	#FF3017
6482	#FF2B14
6483	#FF2D16
6484	#FF351B
6485	#FF351B
6486	#FF3219
6487	#FF331A
6488	#FF351B
6489	#FF3018
6490	#FF2C15
6491	#FF1F0C
6492	#FF0A03
6493	#FF2711
6494	#FF2D15
6495	#FF2D16
6496	#FF6645
6497	#FF6645
6498	#FF6645
6499	#FF6645
6500	#FF6645
6501	#FF6645
6502	#FF6645
6503	#FF6545
6504	#FF6544
6505	#FF6443
6506	#FF6544
6507	#FF6847
6508	#FF6746
6509	#FF6343
6510	#FF5F3F
6511	#FF5838
6512	#FF5B3B
6513	#FF5333
6514	#FF5333
6515	#FF4F30
6516	#FF4A2C
6517	#FF4A2B
6518	#FF4E2F
6519	#FF4C2D
6520	#FF4729
6521	#FF4628
6522	#FF4527
6523	#FF3D22
6524	#FF371D
6525	#FF2A14
6526	#FF1C0A
6527	#FF2C15
6528	#FF2D15
6529	#FF2C15
6530	#FF2A14
6531	#FF6443
6532	#FF6443
6533	#FF6443
6534	#FF6443
6535	#FF6443
6536	#FF6443
6537	#FF6443
6538	#FF6343
6539	#FF6343
6540	#FF6242
6541	#FF6342
6542	#FF6645
6543	#FF6545
6544	#FF6241
6545	#FF5D3D
6546	#FF5636
6547	#FF5A3A
6548	#FF5132
6549	#FF5131
6550	#FF4D2E
6551	#FF482A
6552	#FF482A
6553	#FF4C2D
6554	#FF4A2B
6555	#FF4528
6556	#FF4427
6557	#FF4326
6558	#FF3C20
6559	#FF351C
6560	#FF2913
6561	#FF1B0A
6562	#FF2B14
6563	#FF2C15
6564	#FF2C15
6565	#FF2B14
6566	#FF2913
6567	#FF6342
6568	#FF6342
6569	#FF6342
6570	#FF6342
6571	#FF6342
6572	#FF6342
6573	#FF6342
6574	#FF6242
6575	#FF6241
6576	#FF6140
6577	#FF6141
6578	#FF6544
6579	#FF6443
6580	#FF6040
6581	#FF5C3C
6582	#FF5535
6583	#FF5838
6584	#FF4F30
6585	#FF4F30
6586	#FF4C2D
6587	#FF4629
6588	#FF4629
6589	#FF4A2C
6590	#FF482A
6591	#FF4427
6592	#FF4326
6593	#FF4225
6594	#FF3B20
6595	#FF351B
6596	#FF2913
6597	#FF1C0A
6598	#FF2B14
6599	#FF2D16
6600	#FF2D15
6601	#FF2C15
6602	#FF2611
6603	#FF2A13
6604	#FF6545
6605	#FF6544
6606	#FF6544
6607	#FF6544
6608	#FF6544
6609	#FF6544
6610	#FF6544
6611	#FF6444
6612	#FF6443
6613	#FF6242
6614	#FF6343
6615	#FF6646
6616	#FF6545
6617	#FF6241
6618	#FF5D3D
6619	#FF5636
6620	#FF5939
6621	#FF5131
6622	#FF5031
6623	#FF4D2E
6624	#FF4729
6625	#FF4729
6626	#FF4B2C
6627	#FF492B
6628	#FF4427
6629	#FF4326
6630	#FF4225
6631	#FF3B1F
6632	#FF341B
6633	#FF2812
6634	#FF1A09
6635	#FF2A13
6636	#FF2B14
6637	#FF2B14
6638	#FF2A14
6639	#FF2A13
6640	#FF2B14
6641	#FF2913
6642	#FF6847
6643	#FF6747
6644	#FF6747
6645	#FF6747
6646	#FF6747
6647	#FF6747
6648	#FF6747
6649	#FF6646
6650	#FF6645
6651	#FF6444
6652	#FF6544
6653	#FF6847
6654	#FF6746
6655	#FF6343
6656	#FF5F3E
6657	#FF5838
6658	#FF5B3A
6659	#FF5232
6660	#FF5132
6661	#FF4E2F
6662	#FF482A
6663	#FF482A
6664	#FF4C2D
6665	#FF492B
6666	#FF4527
6667	#FF4326
6668	#FF4225
6669	#FF3B1F
6670	#FF341B
6671	#FF2812
6672	#FF1A09
6673	#FF2913
6674	#FF2A14
6675	#FF2A13
6676	#FF2912
6677	#FF2A14
6678	#FF2A13
6679	#FF2510
6680	#FF2712
6681	#FF6A4A
6682	#FF6A49
6683	#FF6A49
6684	#FF6A49
6685	#FF6A49
6686	#FF6A49
6687	#FF6A49
6688	#FF6848
6689	#FF6847
6690	#FF6646
6691	#FF6746
6692	#FF6949
6693	#FF6848
6694	#FF6544
6695	#FF6040
6696	#FF5939
6697	#FF5C3C
6698	#FF5334
6699	#FF5333
6700	#FF4F30
6701	#FF4A2B
6702	#FF492B
6703	#FF4C2E
6704	#FF4A2C
6705	#FF4528
6706	#FF4427
6707	#FF4225
6708	#FF3B20
6709	#FF341B
6710	#FF2812
6711	#FF1A09
6712	#FF2913
6713	#FF2A13
6714	#FF2913
6715	#FF2712
6716	#FF2A13
6717	#FF2812
6718	#FF210D
6719	#FF230F
6720	#FF2711
6721	#FF6C4C
6722	#FF6B4B
6723	#FF6B4B
6724	#FF6B4B
6725	#FF6B4B
6726	#FF6C4B
6727	#FF6B4B
6728	#FF6A49
6729	#FF6949
6730	#FF6747
6731	#FF6847
6732	#FF6B4A
6733	#FF6A49
6734	#FF6645
6735	#FF6141
6736	#FF5A3A
6737	#FF5D3D
6738	#FF5435
6739	#FF5434
6740	#FF5031
6741	#FF4A2C
6742	#FF4A2B
6743	#FF4D2E
6744	#FF4A2C
6745	#FF4628
6746	#FF4427
6747	#FF4326
6748	#FF3B20
6749	#FF341B
6750	#FF2812
6751	#FF1A09
6752	#FF2812
6753	#FF2913
6754	#FF2812
6755	#FF2611
6756	#FF2912
6757	#FF2611
6758	#FF1E0C
6759	#FF210E
6760	#FF2410
6761	#FF2712
6762	#FF6A4A
6763	#FF6949
6764	#FF6949
6765	#FF6949
6766	#FF6949
6767	#FF6A49
6768	#FF6949
6769	#FF6847
6770	#FF6747
6771	#FF6645
6772	#FF6645
6773	#FF6948
6774	#FF6847
6775	#FF6443
6776	#FF5F3F
6777	#FF5838
6778	#FF5B3B
6779	#FF5233
6780	#FF5232
6781	#FF4E2F
6782	#FF482A
6783	#FF482A
6784	#FF4B2D
6785	#FF492B
6786	#FF4427
6787	#FF4226
6788	#FF4124
6789	#FF391E
6790	#FF331A
6791	#FF2611
6792	#FF1908
6793	#FF2812
6794	#FF2913
6795	#FF2812
6796	#FF2711
6797	#FF2913
6798	#FF2812
6799	#FF2510
6800	#FF2711
6801	#FF2812
6802	#FF2812
6803	#FF230F
6804	#FF6A4A
6805	#FF6A49
6806	#FF6A49
6807	#FF6A49
6808	#FF6A49
6809	#FF6A49
6810	#FF6A49
6811	#FF6847
6812	#FF6847
6813	#FF6645
6814	#FF6645
6815	#FF6948
6816	#FF6847
6817	#FF6443
6818	#FF5F3F
6819	#FF5838
6820	#FF5B3B
6821	#FF5233
6822	#FF5132
6823	#FF4E2F
6824	#FF482A
6825	#FF4729
6826	#FF4B2C
6827	#FF482A
6828	#FF4326
6829	#FF4225
6830	#FF4124
6831	#FF391E
6832	#FF3219
6833	#FF2611
6834	#FF1808
6835	#FF2712
6836	#FF2812
6837	#FF2812
6838	#FF2611
6839	#FF2812
6840	#FF2712
6841	#FF2510
6842	#FF2711
6843	#FF2812
6844	#FF2812
6845	#FF2510
6846	#FF2812
6847	#FF6C4B
6848	#FF6B4A
6849	#FF6B4A
6850	#FF6B4A
6851	#FF6B4A
6852	#FF6B4A
6853	#FF6B4A
6854	#FF6948
6855	#FF6848
6856	#FF6646
6857	#FF6746
6858	#FF6949
6859	#FF6848
6860	#FF6444
6861	#FF603F
6862	#FF5938
6863	#FF5B3B
6864	#FF5233
6865	#FF5232
6866	#FF4E2F
6867	#FF482A
6868	#FF482A
6869	#FF4B2C
6870	#FF482A
6871	#FF4326
6872	#FF4225
6873	#FF4024
6874	#FF391E
6875	#FF3219
6876	#FF2611
6877	#FF1808
6878	#FF2711
6879	#FF2812
6880	#FF2711
6881	#FF2610
6882	#FF2812
6883	#FF2711
6884	#FF230F
6885	#FF2510
6886	#FF2711
6887	#FF2812
6888	#FF2711
6889	#FF2712
6890	#FF2711
6891	#FF6C4C
6892	#FF6B4B
6893	#FF6B4B
6894	#FF6B4B
6895	#FF6B4B
6896	#FF6C4B
6897	#FF6B4B
6898	#FF6949
6899	#FF6948
6900	#FF6746
6901	#FF6746
6902	#FF6A49
6903	#FF6848
6904	#FF6544
6905	#FF603F
6906	#FF5939
6907	#FF5B3B
6908	#FF5333
6909	#FF5232
6910	#FF4E2F
6911	#FF482A
6912	#FF482A
6913	#FF4B2C
6914	#FF482A
6915	#FF4326
6916	#FF4225
6917	#FF4024
6918	#FF381E
6919	#FF3219
6920	#FF2610
6921	#FF1808
6922	#FF2611
6923	#FF2711
6924	#FF2611
6925	#FF2510
6926	#FF2711
6927	#FF2611
6928	#FF230F
6929	#FF2510
6930	#FF2611
6931	#FF2712
6932	#FF2711
6933	#FF2611
6934	#FF2611
6935	#FF2711
